funder,funder_type,program,recipient,amount,amount_basis,year,theme,purpose,source_file
DARPA BTO,US DoD,P3,AbCellera Biologics (lead),Up to $30M,ceiling,Mar 2018,therapeutics-antivirals,End-to-end rapid antibody discovery + nucleic-acid delivery platform,allgrants.md
DARPA BTO,US DoD,P3,Vanderbilt Univ. Medical Center (lead),Up to $28M over 5 yrs,ceiling,2017-2018,therapeutics-antivirals,Ultra-rapid pathogen/antigen/human-antibody discovery,allgrants.md
DARPA BTO,US DoD,P3,Duke Human Vaccine Institute (lead),"$12.8M, 30-mo (HR0011-17-2-0069)",obligated,Oct 2017,therapeutics-antivirals,"Isolate neutralizing antibody sequences, deliver as mRNA, cGMP product in 60 days",allgrants.md
DARPA BTO,US DoD,P3,MedImmune / AstraZeneca (lead),Undisclosed,undisclosed,by Feb 2018,therapeutics-antivirals,One of four P3 consortia; rapid antibody-based countermeasures,allgrants.md
DARPA BTO,US DoD,ADEPT,Moderna Therapeutics,Up to $24.6M; $19.7M funded by 2019 (W911NF-13-1-0417),ceiling,Oct 2013,therapeutics-antivirals,mRNA antibody-encoding platform; funded chikungunya & Zika mRNA,allgrants.md
DARPA BTO,US DoD,ADEPT,Moderna (seedling),~$0.7M-$1.4M (conflicting; W31P4Q-13-1-0007),obligated,Mar 2013,therapeutics-antivirals,Modified-RNA antibody/immune-prophylaxis seedling,allgrants.md
DARPA BTO,US DoD,ADEPT,Ichor Medical Systems,Up to $20.2M ceiling / $8.6M base,ceiling,Nov 2014,therapeutics-antivirals,ADEPT: PROTECT — TriGrid electroporation to deliver DNA-encoded antibodies,allgrants.md
DARPA BTO,US DoD,ADEPT,CureVac + Sanofi Pasteur + In-Cell-Art,$33.1M (DARPA co-funded),obligated,Nov 2011,vaccines,Prophylactic mRNA vaccines (RNActive + nanoparticles),allgrants.md
DARPA BTO,US DoD,ADEPT,Pfizer,"$7.7M, 3-yr",obligated,Dec 2013,therapeutics-antivirals,In-vivo production of protective antibodies (ADEPT inferred),allgrants.md
DARPA BTO,US DoD,ADEPT,Inovio + UPenn + MedImmune,$12.2M,obligated,Oct 2014,therapeutics-antivirals,"DNA-encoded mAbs (flu, P. aeruginosa, S. aureus) (ADEPT inferred)",allgrants.md
DARPA BTO,US DoD,ADEPT,Inovio (lead) + MedImmune + GeneOne + UPenn + Emory + Vanderbilt,$45M ($21M base + $24M option),ceiling,2015,vaccines,Ebola DNA vaccine + DNA-encoded mAb + protein mAb (ADEPT inferred),allgrants.md
DARPA BTO,US DoD,PREEMPT,Montana State Univ. (PI Plowright),$10M Phase 1; +$4M Phase 2 (2021),obligated,2019; 2021,biosurveillance-detection,Henipavirus (Nipah/Hendra) bat spillover; field + modeling,allgrants.md
DARPA BTO,US DoD,PREEMPT,UC Davis,Up to $9.37M (ceiling),ceiling,Feb 2019,biosurveillance-detection,Lassa (rodent) + Ebola spillover; transmissible animal vaccine,allgrants.md
DARPA BTO,US DoD,PREEMPT,Pirbright Institute (UK),Up to ~$2.6M (ceiling),ceiling,Feb 2019,biosurveillance-detection,Genetic tools to block mosquito flavivirus transmission,allgrants.md
DARPA BTO,US DoD,PREEMPT,Institut Pasteur (France),Undisclosed,undisclosed,2018-2022,biosurveillance-detection,Mosquito-borne arboviruses + mosquito-specific interfering viruses,allgrants.md
DARPA BTO,US DoD,PREEMPT,Autonomous Therapeutics Inc.,Undisclosed,undisclosed,Feb 2019,biosurveillance-detection,Airborne avian influenza + tick-borne CCHF virus,allgrants.md
DARPA BTO,US DoD,INTERCEPT,Autonomous Therapeutics Inc.,$3.01M (140D6318C0006); $3.25M (140D0420C0006); +$1.63M Navy SBIR,obligated,2017-2023,therapeutics-antivirals,TIP discovery/engineering; first-in-human respiratory-virus TIP; COVID TIPs,allgrants.md
DARPA BTO,US DoD,INTERCEPT,New York University,"$4.15M (HR00112120018, obligated)",obligated,2021,therapeutics-antivirals,INTERCEPT research incl. Embedded Entrepreneur Initiative,allgrants.md
DARPA BTO,US DoD,INTERCEPT,NC State Univ. (PI Ke) + partners,$5M (team total),obligated,Jan 2017,therapeutics-antivirals,TIP modeling/design to defeat influenza,allgrants.md
DARPA BTO,US DoD,INTERCEPT,Dstl Porton Down (UK),"$997,726 base + $448,317 options",obligated,Apr 2017,therapeutics-antivirals,TIP safety/efficacy/co-evolution proof-of-concept,allgrants.md
DARPA BTO,US DoD,INTERCEPT,Queensland Univ. of Technology (AU),Undisclosed (HR0011-17-2-0036),undisclosed,~2017-2020,therapeutics-antivirals,Dengue TIPs / defective interfering particles,allgrants.md
DARPA BTO,US DoD,INTERCEPT,Max Planck / Otto-von-Guericke Univ. Magdeburg (DE),Undisclosed (W911NF-17-2-0012),undisclosed,~2017-2021,therapeutics-antivirals,Influenza A defective interfering particle production,allgrants.md
DARPA BTO,US DoD,INTERCEPT,Gladstone Institutes / UCSF (Weinberger lab),Undisclosed,undisclosed,2016-2020,therapeutics-antivirals,Origin of TIP concept; HIV/respiratory TIP engineering,allgrants.md
DARPA BTO,US DoD,PREPARE,DNARx LLC (PI Debs),Up to $10.7M (ceiling),ceiling,2019,therapeutics-antivirals,Influenza — DNA-encoded gene therapy (HEDGES) boosting nasal immunity,allgrants.md
DARPA BTO,US DoD,PREPARE,Georgia Tech (PI Santangelo),$21.9M (consortium total),obligated,2019,therapeutics-antivirals,"Influenza — inhaled mRNA gene modulators (""ThIRM"")",allgrants.md
DARPA BTO,US DoD,PREPARE,UMass Med School (PI Finberg) + Draper + MGH,Undisclosed,undisclosed,2019,therapeutics-antivirals,Influenza — CRISPR screening for host/viral resilience; Draper PREDICT-96 organ-chip,allgrants.md
DARPA BTO,US DoD,PREPARE,UCSF (PI Weissman),Undisclosed,undisclosed,2019,therapeutics-antivirals,Ionizing radiation — gene therapies activating gut/blood-stem-cell defenses,allgrants.md
DARPA BTO,US DoD,PREPARE,Columbia Univ. (PI Wang),Up to $9.5M (ceiling),ceiling,2019,therapeutics-antivirals,Ionizing radiation — oral gene modulator protecting intestine/bone marrow,allgrants.md
DARPA BTO,US DoD,Prophecy,UCSF,"$7,385,049 (HR0011-11-C-0094)",obligated,2012,therapeutics-antivirals,Viral-evolution platform + predictive models,allgrants.md
DARPA BTO,US DoD,Prophecy,EPFL + UMass Med + Swiss Inst. of Bioinformatics (Jensen/Bolon),Undisclosed (HR0011-11-C-0095),undisclosed,~2011-2014,therapeutics-antivirals,Influenza oseltamivir drug-resistance evolution; ALiVE,allgrants.md
DARPA BTO,US DoD,THoR,"Wyss Institute / Harvard (PI Ingber) + HMS, Mayo, Temple, Tufts, Boston Children's",$9.9M (reported total),obligated,May 2016,therapeutics-antivirals,Reverse-engineer cross-species infection tolerance; resilience therapeutics,allgrants.md
DARPA BTO,US DoD,THoR,"Emory Univ. (PI Galinski) — ""HAMMER"" + UGA, Georgia Tech, UTSA, CDC Foundation",$6.4M (W911NF-16-C-0008),obligated,2016-2019,therapeutics-antivirals,Malaria resilience in human/non-human primates; systems biology,allgrants.md
DARPA BTO,US DoD,THoR,UTSA (Gutiérrez) (subaward within HAMMER),~$1.9M,obligated,2016-2019,therapeutics-antivirals,Biomathematics/modeling of malaria resilience,allgrants.md
DARPA BTO,US DoD,HEALR,Yale University,Undisclosed,undisclosed,Aug 2021,therapeutics-antivirals,Targeted protein degradation of bacterial pathogens,allgrants.md
DARPA BTO,US DoD,HEALR,Univ. of Washington / Institute for Protein Design (Baker Lab),Undisclosed,undisclosed,Aug 2021,therapeutics-antivirals,De novo designed proteins/degraders to neutralize invaders,allgrants.md
DARPA BTO,US DoD,HEALR,Broad Institute (MIT/Harvard),Undisclosed,undisclosed,Aug 2021,therapeutics-antivirals,Chemical-biology pathogen-weakness discovery + host elimination,allgrants.md
DARPA BTO,US DoD,ReVector,Stanford University,Undisclosed,undisclosed,2020; Phase 2 ~2022,environmental-ag,Alter skin microbes/metabolism to change volatile profile; sole named Phase 2 performer,allgrants.md
DARPA BTO,US DoD,ReVector,Ginkgo Bioworks (prime) + Azitra + Florida Int'l Univ. + Latham BioPharm,Up to $15M (consortium ceiling),ceiling,Dec 2020,environmental-ag,Live Biotherapeutic Product from engineered skin microbes (~2 weeks repellency),allgrants.md
DARPA BTO,US DoD,NOW,"Moderna, Inc. (PRIME)",Up to $56M (ceiling),ceiling,Oct 2020,MCM-manufacturing,Mobile automated GMP mRNA platform,allgrants.md
DARPA BTO,US DoD,NOW,"GE Research (PRIME) — ""RUN FAST""",Up to $41M (5-yr ceiling),ceiling,Feb-Mar 2021,MCM-manufacturing,Automated DNA/RNA synthesis + mobile platform (<3 days),allgrants.md
DARPA BTO,US DoD,NOW,DNA Script (sub under Moderna),Up to $5M,ceiling,Apr 2021,MCM-manufacturing,Enzymatic DNA synthesis (SYNTAX) feeding mRNA mfg,allgrants.md
DARPA BTO,US DoD,NOW,Molecular Assemblies (sub under GE),Up to $6.5M + $4M (Aug 2024),ceiling,2021; 2024,MCM-manufacturing,Fully Enzymatic Synthesis of on-demand DNA,allgrants.md
DARPA BTO,US DoD,NOW,Broad Institute / MEDInstill / Univ. of Washington (subs under GE),Undisclosed,undisclosed,2021,MCM-manufacturing,RUN FAST team members,allgrants.md
DARPA BTO,US DoD,AIM,Columbia Univ. (PI Farber),Undisclosed,undisclosed,Jan 2023,vaccines,Cellular/signaling contributors to immune memory,allgrants.md
DARPA BTO,US DoD,AIM,"Icahn School of Medicine, Mount Sinai (PI Sealfon)",Undisclosed,undisclosed,Jan 2023,vaccines,Systems-level/computational host-response analysis,allgrants.md
DARPA BTO,US DoD,AIM,Stanford Univ. (PI Pulendran),"Undisclosed (co-funded NIH, Gates, Open Phil)",undisclosed,Jan 2023,vaccines,Multi-omic vaccine-durability signatures,allgrants.md
DARPA BTO,US DoD,AIM,"Univ. of Maryland, Baltimore (PI Singh)",Undisclosed,undisclosed,Jan 2023,vaccines,Integrative immunology for memory prediction,allgrants.md
DARPA BTO,US DoD,DIGET,MRIGlobal (prime),$12.7M initial; up to $36.7M ceiling (4 yr),ceiling,2021 (launched late 2019),diagnostics,Lead 6-org team; two CRISPR detection devices,allgrants.md
DARPA BTO,US DoD,DIGET,Mammoth Biosciences (sub),Undisclosed,undisclosed,2021,diagnostics,Handheld disposable point-of-need device (DETECTR chemistry),allgrants.md
DARPA BTO,US DoD,DIGET,Draper (sub),Undisclosed,undisclosed,2021,diagnostics,"Massively multiplexed device: fluidics, DNA array, lens-free optics",allgrants.md
DARPA BTO,US DoD,DIGET,IDbyDNA (sub),Undisclosed; yr-2 continuation,undisclosed,2021-2022,diagnostics,Bioinformatics/pathogen database (Explify),allgrants.md
DARPA BTO,US DoD,DIGET,UC San Francisco (sub),Undisclosed,undisclosed,2021,diagnostics,Chemistry/platform contributions,allgrants.md
DARPA BTO,US DoD,DIGET,Toolbox Medical Innovations (sub),Undisclosed,undisclosed,2021,diagnostics,Device engineering,allgrants.md
DARPA BTO,US DoD,Friend or Foe,Texas A&M / TEES (prime),"~$14.2M (one TAMU source: "">$15M"") over 4 yr",obligated,2018-19,biosurveillance-detection,Microdevice/single-cell phenotyping to classify bacteria,allgrants.md
DARPA BTO,US DoD,Friend or Foe,Raytheon BBN Technologies (prime),Undisclosed,undisclosed,Apr 2019,biosurveillance-detection,"Portable system isolating single bacteria, measuring respiration/nutrient use",allgrants.md
DARPA BTO,US DoD,Friend or Foe,"Pacific Northwest National Lab (prime; ""OmniScreen"")",$8.4M,obligated,2019,biosurveillance-detection,Rapidly ID pathogenic bacteria while keeping cells alive,allgrants.md
DARPA BTO,US DoD,Friend or Foe,NIST (IV&V — not competitive),Undisclosed (DARPA-funded),undisclosed,program duration,biosurveillance-detection,Independent verification: reference consortia + simulated matrices,allgrants.md
DARPA BTO,US DoD,ECHO,Icahn School of Medicine at Mount Sinai (prime),Up to $27.8M ceiling (later cited ~$46M w/ options),ceiling,Jun 2019,diagnostics,Lead consortium; epigenetic markers for WMD/pathogen exposure,allgrants.md
DARPA BTO,US DoD,ECHO,INanoBio Inc. (sub),Up to $5.4M (within $27.8M),ceiling,Sep 2019,diagnostics,Silicon-nanopore epigenetic sequencer,allgrants.md
DARPA BTO,US DoD,ECHO,Fluidigm / Standard BioTools (sub),Up to $3.9M (within $27.8M),ceiling,Aug 2019,diagnostics,Single-cell microfluidic device,allgrants.md
DARPA BTO,US DoD,ECHO,"Arizona State University (prime; ""DEPICT"")",Up to $38.8M ceiling (W911NF-19-C-0039),ceiling,Jul 2019,diagnostics,Point-of-care WMD-exposure device in ≤30 min,allgrants.md
DARPA BTO,US DoD,ECHO,"Duke University (sub; ""MEMENTO"")",$6.2M (4 yr),obligated,Sep 2019,diagnostics,"Epigenetic exposure screening; field sites Sri Lanka, Sierra Leone, DRC",allgrants.md
DARPA BTO,US DoD,ECHO,Battelle Memorial Institute (separate prime),Undisclosed,undisclosed,Jul 2019,diagnostics,Field-deployable platform reading epigenome from blood/swab,allgrants.md
DARPA BTO,US DoD,ADEPT,Caltech,"$15,150,012 (cooperative-agreement mod)",obligated,2013,diagnostics,"DxOD-LRS digital ""SlipChip"" molecular diagnostics, cell-phone-readable",allgrants.md
DARPA BTO,US DoD,ADEPT,Philips Electronics Nederland,"$2.5M (ceiling, news-reported)",ceiling,2012,diagnostics,DxOD-LRS rapid self-performed point-of-need tests for austere settings,allgrants.md
DARPA BTO,US DoD,ADEPT,General Atomics Electromagnetic Systems,"$1,894,258 (12-mo base; HR001118C0045)",obligated,Feb 2018,diagnostics,Portable diagnostic platform; <1 hr results for Ebola/malaria/dengue/flu,allgrants.md
DARPA BTO,US DoD,ADEPT,MBio Diagnostics / LightDeck,~$1.5M combined DARPA+NIH,obligated,2016-2018,diagnostics,DARPA SBIR SB162-002 host-pathogen monitoring; IL-6 host-response panel,allgrants.md
DARPA BTO,US DoD,Bio-Attribution Challenge,Team Crits-Christoph & Hakim,$50K (1st),prize,May 2026,biosecurity-policy,Round 1 (Detection) winner,allgrants.md
DARPA BTO,US DoD,Bio-Attribution Challenge,"Treangen Lab, Rice University",$30K (2nd),prize,May 2026,biosecurity-policy,Round 1: scanned 250 TB in 8 hrs for trace viral genetic material,allgrants.md
DARPA BTO,US DoD,Bio-Attribution Challenge,Pastor21 AI Inc.,$10K (3rd),prize,May 2026,biosecurity-policy,Round 1 detection,allgrants.md
DARPA BTO,US DoD,AMPHORA,"Texas A&M (+ Univ. Missouri, UTMB/Galveston National Lab, Texas Biomed)",Up to $12.9M (3-yr ceiling),ceiling,Sep 2024,biosurveillance-detection,"""microSTASIS"" — cold-chain-free preservation via microfluidics/biomaterials/synbio",allgrants.md
DARPA BTO,US DoD,AMPHORA,Battelle Memorial Institute,"$5,828,149 (HR0011-24-C-0482)",obligated,Jul 2024,biosurveillance-detection,Cold-chain-free microbial preservation R&D,allgrants.md
DARPA BTO,US DoD,AMPHORA,Harvard University,~$3.4M total (med. confidence; $373K/mo documented),obligated,2025,biosurveillance-detection,Emerging biological threat awareness; on DoD termination list May 2025,allgrants.md
DARPA BTO,US DoD,Prometheus,Janus-I Science Inc.,"$3,411,009 obligated (HR001117C0128)",obligated,2017,biosurveillance-detection,"""Predicting Influenza Contagiousness Prior to Symptom Display""",allgrants.md
DARPA BTO,US DoD,Prometheus,Janus-I Science Inc.,"$2,053,505 obligated (HR001118C0054)",obligated,2018,biosurveillance-detection,Sample prep + tropical fever assay on Man Portable Diagnostic System,allgrants.md
DARPA BTO,US DoD,Prometheus,General Atomics (EMS),"$4,470,383 obligated (HR001118C0045)",obligated,2018,biosurveillance-detection,"Hand-held field-portable nucleic-acid diagnostic (""MATCHBOX"")",allgrants.md
DARPA BTO,US DoD,Prometheus,Univ. of Maryland (Milton) / Columbia (Shaman) / Duke + UCL,Undisclosed (likely subawards),undisclosed,~2016+,biosurveillance-detection,Human transmission studies; modeling; influenza human-challenge contagiousness signatures,allgrants.md
BARDA,US HHS,Operation Warp Speed,Moderna,Up to $483M,obligated,"Apr 16, 2020",vaccines,Development (BARDA): accelerate mRNA-1273 + 2020 scale-up,allgrants.md
BARDA,US HHS,Operation Warp Speed,Moderna,+$472M (BARDA dev total ~$955M),obligated,"Jul 26, 2020",vaccines,Development: expanded Phase 3 + scale-up,allgrants.md
BARDA,US HHS,Operation Warp Speed,Moderna,Up to ~$1.525B,advance-purchase,"Aug 11, 2020",vaccines,Advance-purchase: 100M doses + incentives; option up to 400M more,allgrants.md
BARDA,US HHS,Operation Warp Speed,Pfizer / BioNTech,$1.95B,advance-purchase,"Jul 22, 2020",vaccines,Advance-purchase (BARDA+DoD): 100M doses; option 500M more. No BARDA dev funding,allgrants.md
BARDA,US HHS,Operation Warp Speed,Janssen / J&J,>$456.2M,obligated,"Feb 11, 2020",vaccines,Development (BARDA): accelerate Ad26.COV2.S,allgrants.md
BARDA,US HHS,Operation Warp Speed,Janssen / J&J,~$1B,advance-purchase,"Aug 5, 2020",vaccines,Manufacturing demo + advance-purchase 100M doses (BARDA J&J total up to ~$1.5B),allgrants.md
BARDA,US HHS,Operation Warp Speed,AstraZeneca (AZD1222),Up to $1.2B,obligated,"May 21, 2020",vaccines,Dev + manufacturing + advance purchase: ≥300M doses,allgrants.md
BARDA,US HHS,Operation Warp Speed,Novavax,$1.6B,obligated,"Jul 7, 2020",vaccines,Dev + large-scale manufacturing (BARDA+DoD): Phase 3 + 100M doses,allgrants.md
BARDA,US HHS,Operation Warp Speed,Sanofi / GSK,Up to $2.1B,obligated,"Jul 31, 2020",vaccines,Dev + manufacturing + advance purchase: 100M doses option 500M more,allgrants.md
BARDA,US HHS,Operation Warp Speed,"Merck (V590, w/ IAVI)",~$38M,obligated,Apr 2020,vaccines,Development; discontinued Jan 2021,allgrants.md
BARDA,US HHS,Operation Warp Speed,Merck (manufacturing),$268.8M,obligated,"Mar 2, 2021",MCM-manufacturing,Retrofit Merck plants for fill-finish of J&J's vaccine,allgrants.md
BARDA,US HHS,Operation Warp Speed,Regeneron (BARDA+DoD),$450M,obligated,"Jul 7, 2020",therapeutics-antivirals,Manufacturing & supply of REGN-COV2 (dev + finished doses),allgrants.md
BARDA,US HHS,Operation Warp Speed,Regeneron (HHS+DoD),Up to ~$2.625B,advance-purchase,"Jan 12, 2021",therapeutics-antivirals,Advance-purchase up to 1.25M doses (~$2100/dose),allgrants.md
BARDA,US HHS,Operation Warp Speed,Regeneron (HHS+DoD),$2.94B,advance-purchase,"Sep 14, 2021",therapeutics-antivirals,Advance-purchase 1.4M doses,allgrants.md
BARDA,US HHS,Operation Warp Speed,Regeneron (BARDA),~$326M,obligated,2022,therapeutics-antivirals,Next-gen prevention antibody (med. confidence; see Project NextGen),allgrants.md
BARDA,US HHS,Operation Warp Speed,Eli Lilly,$375M,advance-purchase,"Oct 28, 2020",therapeutics-antivirals,Advance-purchase 300k vials bamlanivimab; option 650k more,allgrants.md
BARDA,US HHS,Operation Warp Speed,Eli Lilly,$812.5M,advance-purchase,Dec 2020,therapeutics-antivirals,650k additional doses bamlanivimab (~$1250/dose),allgrants.md
BARDA,US HHS,Operation Warp Speed,Eli Lilly,$210M (min),advance-purchase,"Feb 26, 2021",therapeutics-antivirals,≥100k doses bamlanivimab + etesevimab ($2100/dose),allgrants.md
BARDA,US HHS,Operation Warp Speed,Eli Lilly,$1.29B,advance-purchase,"Nov 2, 2021",therapeutics-antivirals,614k additional doses bamlanivimab + etesevimab,allgrants.md
BARDA,US HHS,Operation Warp Speed,AstraZeneca (Evusheld),$486M,obligated,"Oct 9, 2020",therapeutics-antivirals,Two Phase III trials + mfg demo + supply of AZD7442,allgrants.md
BARDA,US HHS,Operation Warp Speed,AstraZeneca (Evusheld),Cumulative ~$726M → ~$855M,advance-purchase,2021,therapeutics-antivirals,Supply up to ~1M doses (cumulative; do not sum with $486M),allgrants.md
BARDA,US HHS,Operation Warp Speed,GSK / Vir (sotrovimab),~$1B,advance-purchase,"Nov 17, 2021",therapeutics-antivirals,Advance-purchase sotrovimab,allgrants.md
BARDA,US HHS,Operation Warp Speed,Merck / Ridgeback (molnupiravir),$1.2B,advance-purchase,"Jun 9, 2021",therapeutics-antivirals,Advance-purchase 1.7M courses,allgrants.md
BARDA,US HHS,Operation Warp Speed,Merck / Ridgeback (molnupiravir),~$1B,advance-purchase,"Nov 9, 2021",therapeutics-antivirals,1.4M additional courses (total ~3.1M for ~$2.2B),allgrants.md
BARDA,US HHS,Operation Warp Speed,Pfizer (Paxlovid),$5.29B,advance-purchase,"Nov 18, 2021",therapeutics-antivirals,Advance-purchase 10M courses,allgrants.md
BARDA,US HHS,Operation Warp Speed,Pfizer (Paxlovid),~$5.29B,advance-purchase,"Jan 4, 2022",therapeutics-antivirals,Additional 10M courses (total 20M),allgrants.md
BARDA,US HHS,Operation Warp Speed,SAB Biotherapeutics (BARDA+DoD),>$200M across awards,obligated,2020+,therapeutics-antivirals,Fully human polyclonal antibody SAB-185 dev + manufacturing,allgrants.md
BARDA,US HHS,COVID-19 Diagnostics,Hologic,~$699K,obligated,Feb-Apr 2020,diagnostics,COVID-19 diagnostic (75A501-series),allgrants.md
BARDA,US HHS,COVID-19 Diagnostics,DiaSorin Molecular,"$697,423",obligated,Feb-Apr 2020,diagnostics,COVID-19 diagnostic (75A501-series),allgrants.md
BARDA,US HHS,COVID-19 Diagnostics,Qiagen,"$598,191",obligated,Feb-Apr 2020,diagnostics,COVID-19 diagnostic (75A501-series),allgrants.md
BARDA,US HHS,COVID-19 Diagnostics,Mesa Biotech,"up to $561,330",ceiling,Feb-Apr 2020,diagnostics,COVID-19 diagnostic (75A501-series),allgrants.md
BARDA,US HHS,COVID-19 Diagnostics,GenMark,$749K,obligated,Feb-Apr 2020,diagnostics,COVID-19 diagnostic (75A501-series),allgrants.md
BARDA,US HHS,COVID-19 Diagnostics,Cue Health,~$13M,obligated,Feb-Apr 2020,diagnostics,COVID-19 diagnostic (75A501-series),allgrants.md
BARDA,US HHS,COVID-19 Diagnostics,Luminex (NxTAG),"$642,450",obligated,Feb-Apr 2020,diagnostics,COVID-19 diagnostic (75A501-series),allgrants.md
BARDA,US HHS,COVID-19 Diagnostics,Luminex (ARIES),"$642,450",obligated,Feb-Apr 2020,diagnostics,COVID-19 diagnostic (75A501-series),allgrants.md
BARDA,US HHS,COVID-19 Diagnostics,OraSure,"$710,310",obligated,Feb-Apr 2020,diagnostics,COVID-19 diagnostic (75A501-series),allgrants.md
BARDA,US HHS,COVID-19 Diagnostics,Cepheid,~$3.7M (BARDA portion),obligated,Feb-Apr 2020,diagnostics,COVID-19 diagnostic (75A501-series),allgrants.md
BARDA,US HHS,COVID-19 Diagnostics,Quidel,"$634,643",obligated,mid-2020+,diagnostics,COVID-19 diagnostic (75A501-series),allgrants.md
BARDA,US HHS,COVID-19 Diagnostics,ChemBio,"$628,071 then $12.69M",obligated,mid-2020+,diagnostics,COVID-19 diagnostic (75A501-series),allgrants.md
BARDA,US HHS,COVID-19 Diagnostics,Luminex (RPP),$5.39M,obligated,mid-2020+,diagnostics,COVID-19 diagnostic (75A501-series),allgrants.md
BARDA,US HHS,COVID-19 Diagnostics,Cepheid (Pan-Coronavirus),up to ~$28M,ceiling,mid-2020+,diagnostics,COVID-19 diagnostic (75A501-series),allgrants.md
BARDA,US HHS,COVID-19 Diagnostics,Visby Medical,$12.3M (up to $48.7M) + $25.5M option,ceiling,mid-2020+,diagnostics,COVID-19 diagnostic (75A501-series),allgrants.md
BARDA,US HHS,COVID-19 Diagnostics,Becton Dickinson,$24.7M (up to $40.3M),ceiling,mid-2020+,diagnostics,COVID-19 diagnostic (75A501-series),allgrants.md
BARDA,US HHS,COVID-19 Diagnostics,OraSure,up to $13.6M,ceiling,mid-2020+,diagnostics,COVID-19 diagnostic (75A501-series),allgrants.md
BARDA,US HHS,Pandemic Influenza,Solvay,$298.6M,obligated,May 2006,vaccines,Cell-based pandemic flu vaccine manufacturing,allgrants.md
BARDA,US HHS,Pandemic Influenza,GSK,$274.8M,obligated,May 2006,vaccines,Cell-based pandemic flu vaccine manufacturing,allgrants.md
BARDA,US HHS,Pandemic Influenza,Novartis V&D,$220.5M,obligated,May 2006,vaccines,Cell-based pandemic flu vaccine manufacturing,allgrants.md
BARDA,US HHS,Pandemic Influenza,MedImmune,$169.6M,obligated,May 2006,vaccines,Cell-based pandemic flu vaccine manufacturing,allgrants.md
BARDA,US HHS,Pandemic Influenza,DynPort/Baxter,$41M base → $242.3M w/ FY07 mod,obligated,May 2006,vaccines,Cell-based pandemic flu vaccine manufacturing,allgrants.md
BARDA,US HHS,Pandemic Influenza,Sanofi Pasteur,~$97M (Apr 2005) + ~$77.4M (Jun 2007),obligated,2005-2007,MCM-manufacturing,Facility/capacity for pandemic flu vaccine,allgrants.md
BARDA,US HHS,Pandemic Influenza,Novartis V&D (Holly Springs),~$487M ceiling,ceiling,Jan 2009,MCM-manufacturing,First US FDA-licensed cell-culture plant (novated to CSL Seqirus 2016),allgrants.md
BARDA,US HHS,Pandemic Influenza,Sanofi (Swiftwater),$226M,obligated,Dec 2019,vaccines,Adjuvanted recombinant (contract 75A50120D00002),allgrants.md
BARDA,US HHS,Pandemic Influenza,Protein Sciences (Flublok),~$81.3M obligated by 2011 then up to $610M ceiling,ceiling,Sep 2016,vaccines,Recombinant flu vaccine (acquired by Sanofi 2017),allgrants.md
BARDA,US HHS,Pandemic Influenza,Novavax,up to $179M (Feb 2011) + ~$79M option (2014),ceiling,2011-2014,vaccines,Recombinant/novel platform flu vaccine,allgrants.md
BARDA,US HHS,Pandemic Influenza,Moderna,$176M base (Jul 2024) + ~$590M follow-on TERMINATED by HHS in 2025,obligated,Jul 2024,vaccines,mRNA H5 flu vaccine,allgrants.md
BARDA,US HHS,Pandemic Influenza,GSK,$63.3M (AS03) + ~$44M option,obligated,Jan 2007,vaccines,Adjuvant AS03 (basis of Q-pan H5N1),allgrants.md
BARDA,US HHS,Pandemic Influenza,Novartis,$54.8M (MF59),obligated,Jan 2007,vaccines,Adjuvant MF59,allgrants.md
BARDA,US HHS,Pandemic Influenza,Iomai,$14.4M base (up to ~$128M),ceiling,Jan 2007,vaccines,Adjuvant/antigen-sparing,allgrants.md
BARDA,US HHS,Pandemic Influenza,Intercell,$27M,obligated,Jan 2007,vaccines,Adjuvant/antigen-sparing,allgrants.md
BARDA,US HHS,Pandemic Influenza,Sanofi Pasteur,$192M (2008 H5N1 antigen) + $190M (May 2009 H1N1) + $56.94M (Oct 2010 egg/flock supply),obligated,2008-2010,vaccines,NPIVS antigen/adjuvant,allgrants.md
BARDA,US HHS,Pandemic Influenza,GSK,~$40.6M,obligated,Nov 2006,vaccines,NPIVS H5N1 antigen,allgrants.md
BARDA,US HHS,Pandemic Influenza,Seqirus,$34.95M,obligated,Oct 2021,vaccines,Avian H5 NPIVS series,allgrants.md
BARDA,US HHS,Pandemic Influenza,CSL Seqirus,$30.1M,obligated,Oct 2022,vaccines,Avian H5 NPIVS series,allgrants.md
BARDA,US HHS,Pandemic Influenza,CSL Seqirus,$46.3M,obligated,Aug 2023,vaccines,Avian H5 NPIVS series,allgrants.md
BARDA,US HHS,Pandemic Influenza,CSL Seqirus,$121.4M,obligated,Sep 2024,vaccines,Avian H5 NPIVS series (MF59 adjuvant expansion),allgrants.md
BARDA,US HHS,Pandemic Influenza,CSL Seqirus,$34M,obligated,Oct 2024,vaccines,Avian H5 NPIVS series,allgrants.md
BARDA,US HHS,Pandemic Influenza,Sanofi,~$23.4M,obligated,Oct 2024,vaccines,Avian H5 NPIVS (part of $72M tri-company package),allgrants.md
BARDA,US HHS,Pandemic Influenza,GSK,~$10.5M,obligated,Oct 2024,vaccines,Avian H5 NPIVS (part of $72M tri-company package),allgrants.md
BARDA,US HHS,Pandemic Influenza,Osivax,$19.5M,obligated,2025,vaccines,Universal flu (OVX836),allgrants.md
BARDA,US HHS,Emerging Infectious Diseases,NewLink Genetics → Merck,$30M initial → >$100M w/ options,ceiling,Dec 2014,vaccines,Ebola rVSV V920 → licensed ERVEBO,allgrants.md
BARDA,US HHS,Emerging Infectious Diseases,J&J,$44.6M obligated 2015-16 + more,obligated,2015-16,vaccines,Ebola Ad26.ZEBOV + MVA-BN-Filo → Zabdeno/Mvabea,allgrants.md
BARDA,US HHS,Emerging Infectious Diseases,Regeneron,not itemized,undisclosed,(Ebola),therapeutics-antivirals,Ebola REGN-EB3 / Inmazeb dev + procurement,allgrants.md
BARDA,US HHS,Emerging Infectious Diseases,Mapp Biopharmaceutical,$24.9M → $42.3M ceiling (Sep 2014) + ~$46M BioShield (Sep 2017),ceiling,Sep 2014,therapeutics-antivirals,Ebola ZMapp,allgrants.md
BARDA,US HHS,Emerging Infectious Diseases,BioCryst,$39.1M ceiling,ceiling,Mar 2015,therapeutics-antivirals,Marburg/filovirus galidesivir/BCX4430 (2020 follow-on was NIAID),allgrants.md
BARDA,US HHS,Emerging Infectious Diseases,Mapp,~$46.5M ceiling,ceiling,(Marburg),therapeutics-antivirals,MBP091 pan-Marburg mAb,allgrants.md
BARDA,US HHS,Emerging Infectious Diseases,Sabin Vaccine Institute,$128M ceiling (2019) then $35M / $214M ceiling (Jan 2023) + ~$34.5M option (2024),ceiling,2019,vaccines,Marburg/filovirus vaccine,allgrants.md
BARDA,US HHS,Emerging Infectious Diseases,IAVI,$126M ceiling,ceiling,Oct 2021,vaccines,rVSV Marburg+Sudan + options,allgrants.md
BARDA,US HHS,Emerging Infectious Diseases,Public Health Vaccines,$10M base + ~$45M options,ceiling,Feb 2019,vaccines,rVSV Marburg/Sudan/Bundibugyo/Nipah,allgrants.md
BARDA,US HHS,Emerging Infectious Diseases,Takeda,$19.8M / $312M ceiling,ceiling,Sep 2016,vaccines,Zika TAK-426,allgrants.md
BARDA,US HHS,Emerging Infectious Diseases,Sanofi Pasteur,$43M committed (up to $173M) de-scoped/terminated 2017,ceiling,2016-2017,vaccines,Zika vaccine (de-scoped/terminated 2017),allgrants.md
BARDA,US HHS,Emerging Infectious Diseases,OraSure,$7M / $16.6M ceiling,ceiling,(Zika),diagnostics,Zika diagnostic,allgrants.md
BARDA,US HHS,Emerging Infectious Diseases,Chembio,$5.9M / $13.2M ceiling,ceiling,(Zika),diagnostics,Zika diagnostic,allgrants.md
BARDA,US HHS,Emerging Infectious Diseases,InBios,$5.1M / ~$9.5M ceiling,ceiling,(Zika),diagnostics,Zika diagnostic,allgrants.md
BARDA,US HHS,Emerging Infectious Diseases,DiaSorin,$2.6M,obligated,(Zika),diagnostics,Zika diagnostic,allgrants.md
BARDA,US HHS,Emerging Infectious Diseases,Emergent BioSolutions,undisclosed task order,undisclosed,(Zika),vaccines,Zika undisclosed task order,allgrants.md
BARDA,US HHS,Emerging Infectious Diseases,SIGA Technologies,~$463M (2011) then ~$52M base / up to $629M ceiling (Sep 2018) + ~$26M option (2022),ceiling,2011,therapeutics-antivirals,Smallpox/mpox TPOXX/tecovirimat,allgrants.md
BARDA,US HHS,Emerging Infectious Diseases,Chimerix,~$115M initial / ~$551M ceiling (Aug 2022) + $13M extension,ceiling,Aug 2022,therapeutics-antivirals,Smallpox/mpox TEMBEXA/brincidofovir,allgrants.md
BARDA,US HHS,Emerging Infectious Diseases,Emergent BioSolutions,~$170M base-yr / ~$2B ceiling (Sep 2019) + ~$120M (2023),ceiling,Sep 2019,vaccines,Smallpox 10-yr ACAM2000,allgrants.md
BARDA,US HHS,Emerging Infectious Diseases,Bavarian Nordic (JYNNEOS/MVA-BN),"10-yr contract (2017), $202M (2020), $156.8M (2024), $63M (Sep 2024), $97M option (May 2026)",obligated,2017,vaccines,Smallpox/mpox JYNNEOS/MVA-BN,allgrants.md
BARDA,US HHS,Emerging Infectious Diseases,Regeneron,up to $8.9M,ceiling,2016,therapeutics-antivirals,MERS mAbs,allgrants.md
BARDA,US HHS,Emerging Infectious Diseases,Public Health Vaccines,(under filovirus contract),undisclosed,(Nipah),vaccines,Nipah under filovirus contract,allgrants.md
BARDA,US HHS,Emerging Infectious Diseases,IAVI,(under filovirus ceiling),undisclosed,(Lassa),vaccines,Lassa under filovirus ceiling,allgrants.md
BARDA,US HHS,CIADM,Emergent BioSolutions (Baltimore-Bayview MD); HHSO100201200004I,$163.2M federal / 8-yr base (cost-share); 25-yr max,obligated,Jun 2012,MCM-manufacturing,"CIADM + Gaithersburg pilot; flu surge, CBRN core services, workforce",allgrants.md
BARDA,US HHS,CIADM,Texas A&M University System (College Station); HHSO100201200002I,~$176M federal / 5-yr; ~$285M total w/ state+univ+private; 25-yr renewable,obligated,"Jun 18, 2012",MCM-manufacturing,Flexible/surge vaccine + MCM mfg (FUJIFILM Diosynth operator),allgrants.md
BARDA,US HHS,CIADM,Novartis V&D → CSL Seqirus (Holly Springs NC),~$60M / first 4 yrs; 25-yr renewable IDIQ,obligated,"Jun 19, 2012",MCM-manufacturing,CIADM leveraging existing cell-culture plant,allgrants.md
BARDA,US HHS,FFMN,Cook Pharmica,~$8.7M,obligated,Sep 2013,MCM-manufacturing,Fill-finish network (original 4-company),allgrants.md
BARDA,US HHS,FFMN,JHP/Par,~$7.6M,obligated,Sep 2013,MCM-manufacturing,Fill-finish network (original 4-company),allgrants.md
BARDA,US HHS,FFMN,DSM/Patheon,~$12.8M,obligated,Sep 2013,MCM-manufacturing,Fill-finish network (original 4-company),allgrants.md
BARDA,US HHS,FFMN,Nanotherapeutics,~$10.6M,obligated,Sep 2013,MCM-manufacturing,Fill-finish network (original 4-company),allgrants.md
BARDA,US HHS,FFMN,IDT Biologika,$50M ceiling,ceiling,Oct 2016,MCM-manufacturing,Fill-finish IDIQ add,allgrants.md
BARDA,US HHS,FFMN,ABL Inc.,$50M ceiling (HHSO100201600019I),ceiling,Apr 2017,MCM-manufacturing,Fill-finish IDIQ add,allgrants.md
BARDA,US HHS,Project NextGen,Regeneron,$326M,obligated,Aug 2023,therapeutics-antivirals,Next-gen prevention mAb,allgrants.md
BARDA,US HHS,Project NextGen,GHIC/BARDA Ventures,$100M top-up,obligated,Aug 2023,basic-research,BARDA Ventures top-up,allgrants.md
BARDA,US HHS,Project NextGen,J&J Innovation/JLABS Blue Knight,$10M,obligated,Aug 2023,basic-research,Blue Knight platform,allgrants.md
BARDA,US HHS,Project NextGen,Vaxart,up to $453M (initial $65.7M),ceiling,Oct 2023,vaccines,Oral pill vaccine Phase 2b,allgrants.md
BARDA,US HHS,Project NextGen,Codagenix,$10M base / up to $389M,ceiling,Oct 2023,vaccines,CoviLiv intranasal LAV,allgrants.md
BARDA,US HHS,Project NextGen,CastleVax (Mount Sinai),~$34M / up to $338M,ceiling,Oct 2023,vaccines,Intranasal NDV booster,allgrants.md
BARDA,US HHS,Project NextGen,Vir Biotechnology,~$40-50M,obligated,Oct 2023,therapeutics-antivirals,VIR-7229 mAb + RNA-delivered mAb platform,allgrants.md
BARDA,US HHS,Project NextGen,ModeX Therapeutics (OPKO),up to $168M,ceiling,Oct 2023,therapeutics-antivirals,MSTAR broadly protective antibodies,allgrants.md
BARDA,US HHS,Project NextGen,Gritstone bio,up to $433M,ceiling,Sep 2023,vaccines,samRNA vaccine Phase 2b (via RRPV),allgrants.md
BARDA,US HHS,Project NextGen,CyanVac,~$40M,obligated,2024,vaccines,PIV5-vectored intranasal (via RRPV),allgrants.md
BARDA,US HHS,Project NextGen,GeoVax,~$24.3M / up to $45M,ceiling,2024,vaccines,GEO-CM04S1 dual-antigen (via RRPV),allgrants.md
BARDA,US HHS,DRIVe,Prenosis,~$20M BARDA contract + GHIC investment,obligated,Feb 2026,diagnostics,Precision sepsis dx/tx; $20M Series A + $20M BARDA contract,allgrants.md
BARDA,US HHS,BARDA Ventures,Cytovale,$84M Series C / $100M Series D,undisclosed,(Year 2),diagnostics,IntelliSep sepsis dx portfolio company,allgrants.md
BARDA,US HHS,BARDA Ventures,Biolinq,first GHS investment,undisclosed,(Year 2),diagnostics,Wearable biosensor; first GHS investment,allgrants.md
BARDA,US HHS,BARDA Ventures,Endpoint Health,undisclosed,undisclosed,(Year 2),therapeutics-antivirals,Precision sepsis therapeutics,allgrants.md
BARDA,US HHS,BARDA Ventures,Prenosis,$20M Series A + $20M BARDA contract,obligated,Feb 2026,diagnostics,Precision sepsis dx/tx portfolio company,allgrants.md
BARDA,US HHS,RRPV,Moderna,$176M (Jul 2024) + $590M (Jan 17 2025) — both CANCELLED by HHS mid-2025,obligated,Jul 2024,vaccines,mRNA H5 flu / H5N1 (obligated then terminated),allgrants.md
BARDA,US HHS,RRPV,Shionogi,$375M,obligated,"Jan 16, 2025",therapeutics-antivirals,S-892216 long-acting injectable for COVID-19 PrEP,allgrants.md
BARDA,US HHS,BioMaP-Consortium,Antheia,$11M,obligated,"Jul 26, 2024",MCM-manufacturing,Next-gen biomanufacturing platform,allgrants.md
BARDA,US HHS,BioMaP-Consortium,Capra Biosciences,$7.5M,obligated,"Jul 26, 2024",MCM-manufacturing,"""CoMPASS"" continuous biomanufacturing",allgrants.md
BARDA,US HHS,BioMaP-Consortium,Ginkgo Bioworks,up to $22.2M,ceiling,"Nov 3, 2025",MCM-manufacturing,Scalable domestic mAb biomanufacturing vs filoviruses,allgrants.md
NIH/NIAID,US HHS,AViDD (CAMPP),Scripps Research,~$67M,obligated,2022,therapeutics-antivirals,Antiviral discovery (corona/filo/flavi/paramyxo/bunya/toga),agencies/niaid.md
NIH/NIAID,US HHS,AViDD (SyneRx),Stanford,~$69M,obligated,2022,therapeutics-antivirals,Antivirals vs pandemic-potential RNA viruses,agencies/niaid.md
NIH/NIAID,US HHS,AViDD (AC/DC),Emory + Georgia State,~$52M,obligated,2022,therapeutics-antivirals,Antivirals vs SARS-CoV-2/RSV/influenza/paramyxo,agencies/niaid.md
NIH/NIAID,US HHS,AViDD (MAVDA),Hackensack Meridian CDI + Rockefeller,~$65.1M (option to ~$108M/5yr),ceiling,2022,therapeutics-antivirals,Antivirals vs SARS-CoV-2 + six families,agencies/niaid.md
NIH/NIAID,US HHS,AViDD (Midwest AViDD),University of Minnesota,~$66M,obligated,2022,therapeutics-antivirals,Antivirals vs SARS-CoV-2/Ebola/Lassa/Zika,agencies/niaid.md
NIH/NIAID,US HHS,AViDD (QCRG),UC San Francisco,~$67.5M (up to ~$112M/5yr),ceiling,2022,therapeutics-antivirals,Antivirals vs 8 viral families,agencies/niaid.md
NIH/NIAID,US HHS,AViDD (READDI-AC),UNC Chapel Hill,~$65M,obligated,2022,therapeutics-antivirals,Antivirals vs corona/filo/flavi/alphavirus,agencies/niaid.md
NIH/NIAID,US HHS,AViDD (UTMB-Novartis Alliance),UT Medical Branch (Galveston) + Novartis,~$56M,obligated,2022,therapeutics-antivirals,Antivirals vs corona/flavi/henipa,agencies/niaid.md
NIH/NIAID,US HHS,AViDD (ASAP),Memorial Sloan Kettering + DNDi + PostEra,~$68M,obligated,2022,therapeutics-antivirals,Open-science antivirals vs corona/picorna/flavi,agencies/niaid.md
NIH/NIAID,US HHS,ReVAMPP (FLARE/R2P2),WashU St. Louis,shared ~$100M/yr program,undisclosed,2024,vaccines,Vaccines/mAbs for pandemic preparedness,agencies/niaid.md
NIH/NIAID,US HHS,ReVAMPP (BP4),Vanderbilt UMC,shared ~$100M/yr program,undisclosed,2024,vaccines,Vaccines/mAbs for pandemic preparedness,agencies/niaid.md
NIH/NIAID,US HHS,ReVAMPP (PROVIDENT),Albert Einstein,shared ~$100M/yr program,undisclosed,2024,vaccines,Vaccines/mAbs for pandemic preparedness,agencies/niaid.md
NIH/NIAID,US HHS,ReVAMPP (MLvax),Univ. Washington Seattle,shared ~$100M/yr program,undisclosed,2024,vaccines,Vaccines/mAbs for pandemic preparedness,agencies/niaid.md
NIH/NIAID,US HHS,ReVAMPP (PABVAX),UTMB Galveston,shared ~$100M/yr program,undisclosed,2024,vaccines,Vaccines/mAbs for pandemic preparedness,agencies/niaid.md
NIH/NIAID,US HHS,ReVAMPP (VPPC),UC Irvine,shared ~$100M/yr program,undisclosed,2024,vaccines,Vaccines/mAbs for pandemic preparedness,agencies/niaid.md
NIH/NIAID,US HHS,ReVAMPP (Coordination Center),RTI International,shared ~$100M/yr program,undisclosed,2024,vaccines,Coordination and Data Sharing Center,agencies/niaid.md
NIH/NIAID,US HHS,CEIRR,Icahn/Mount Sinai,shared ~$24M first-yr,obligated,2021,vaccines,Influenza research and response,agencies/niaid.md
NIH/NIAID,US HHS,CEIRR,University of Pennsylvania,shared ~$24M first-yr,obligated,2021,vaccines,Influenza research and response,agencies/niaid.md
NIH/NIAID,US HHS,CEIRR,St. Jude Children's,shared ~$24M first-yr,obligated,2021,vaccines,Influenza research and response,agencies/niaid.md
NIH/NIAID,US HHS,CEIRR,Emory,shared ~$24M first-yr,obligated,2021,vaccines,Influenza research and response,agencies/niaid.md
NIH/NIAID,US HHS,CEIRR,University of Georgia,shared ~$24M first-yr,obligated,2021,vaccines,Influenza research and response,agencies/niaid.md
NIH/NIAID,US HHS,CIVICs,University of Georgia,undisclosed,undisclosed,2019,vaccines,Universal influenza vaccine - Vaccine Center,agencies/niaid.md
NIH/NIAID,US HHS,CIVICs,Duke,undisclosed,undisclosed,2019,vaccines,Universal influenza vaccine - Vaccine Center/Clinical Core/Mfg-Tox,agencies/niaid.md
NIH/NIAID,US HHS,CIVICs,Icahn/Mount Sinai-Emory,undisclosed,undisclosed,2019,vaccines,Universal influenza vaccine - Vaccine Center,agencies/niaid.md
NIH/NIAID,US HHS,CIVICs,University of Maryland,undisclosed,undisclosed,2019,vaccines,Universal influenza vaccine - Clinical Core,agencies/niaid.md
NIH/NIAID,US HHS,CREID,RTI International,shared ~$17M first-yr,obligated,2020,biosurveillance-detection,Coordinating Center (+ Duke),agencies/niaid.md
NIH/NIAID,US HHS,CREID,University of Washington,shared ~$17M first-yr,obligated,2020,biosurveillance-detection,Emerging infectious disease spillover research center,agencies/niaid.md
NIH/NIAID,US HHS,CREID,Tulane,shared ~$17M first-yr,obligated,2020,biosurveillance-detection,Emerging infectious disease spillover research center,agencies/niaid.md
NIH/NIAID,US HHS,CREID,UC Davis,shared ~$17M first-yr,obligated,2020,biosurveillance-detection,Emerging infectious disease spillover research center,agencies/niaid.md
NIH/NIAID,US HHS,CMCR (Radiation),Columbia University Irving Medical Center,undisclosed,undisclosed,2020-2025,MCM-manufacturing,Medical countermeasures against radiation,agencies/niaid.md
NIH/NIAID,US HHS,CMCR (Radiation),University of Maryland School of Medicine,undisclosed,undisclosed,2020-2025,MCM-manufacturing,Medical countermeasures against radiation,agencies/niaid.md
NIH/NIAID,US HHS,CMCR (Radiation),Duke University,undisclosed,undisclosed,2020-2025,MCM-manufacturing,Medical countermeasures against radiation,agencies/niaid.md
NIH/NIAID,US HHS,COVID-19 (Moderna mRNA-1273),Moderna,undisclosed,undisclosed,2020,vaccines,mRNA-1273 co-developed with VRC,agencies/niaid.md
NIH/NIAID,US HHS,Biocontainment Lab,Boston University (NEIDL),undisclosed,undisclosed,,basic-research,National Biocontainment Lab (BSL-4),agencies/niaid.md
NIH/NIAID,US HHS,Biocontainment Lab,UT Medical Branch (Galveston),undisclosed,undisclosed,,basic-research,National Biocontainment Lab (Galveston),agencies/niaid.md
CDC,US HHS,CFA early academic awards,Albany/SUNY,shared $21M academic ($26M total),obligated,2021,biosurveillance-detection,Outbreak forecasting/analytics,agencies/cdc.md
CDC,US HHS,CFA early academic awards,Johns Hopkins,shared $21M academic ($26M total),obligated,2021,biosurveillance-detection,Outbreak forecasting/analytics,agencies/cdc.md
CDC,US HHS,CFA early academic awards,Stanford,shared $21M academic ($26M total),obligated,2021,biosurveillance-detection,Outbreak forecasting/analytics,agencies/cdc.md
CDC,US HHS,CFA early academic awards,Utah,shared $21M academic ($26M total),obligated,2021,biosurveillance-detection,Outbreak forecasting/analytics,agencies/cdc.md
CDC,US HHS,CFA early academic awards,Harvard Chan,shared $21M academic ($26M total),obligated,2021,biosurveillance-detection,Outbreak forecasting/analytics,agencies/cdc.md
CDC,US HHS,Insight Net,Carnegie Mellon (Delphi),shared (up to $262.5M/5yr; >$148M to date),ceiling,2023,biosurveillance-detection,Outbreak analytics & disease modeling hub,agencies/cdc.md
CDC,US HHS,Insight Net,Clemson (DMA-PRIME),shared (up to $262.5M/5yr; >$148M to date),ceiling,2023,biosurveillance-detection,Outbreak analytics & disease modeling hub,agencies/cdc.md
CDC,US HHS,Insight Net,Emory (CIDMATH),~$17.5M,obligated,2023,biosurveillance-detection,Outbreak analytics & disease modeling hub,agencies/cdc.md
CDC,US HHS,Insight Net,Johns Hopkins (CORI),shared (up to $262.5M/5yr; >$148M to date),ceiling,2023,biosurveillance-detection,Outbreak analytics & disease modeling hub,agencies/cdc.md
CDC,US HHS,Insight Net,Kaiser Permanente SoCal (C-CORE),shared (up to $262.5M/5yr; >$148M to date),ceiling,2023,biosurveillance-detection,Outbreak analytics & disease modeling hub,agencies/cdc.md
CDC,US HHS,Insight Net,Northeastern (Epistorm),shared (up to $262.5M/5yr; >$148M to date),ceiling,2023,biosurveillance-detection,Outbreak analytics & disease modeling hub,agencies/cdc.md
CDC,US HHS,Insight Net,UC San Diego (Resilient Shield),shared (up to $262.5M/5yr; >$148M to date),ceiling,2023,biosurveillance-detection,Outbreak analytics & disease modeling hub,agencies/cdc.md
CDC,US HHS,Insight Net,U Michigan (MICOM),~$17.5M,obligated,2023,biosurveillance-detection,Outbreak analytics & disease modeling hub,agencies/cdc.md
CDC,US HHS,Insight Net,U Minnesota (MADMC),shared (up to $262.5M/5yr; >$148M to date),ceiling,2023,biosurveillance-detection,Outbreak analytics & disease modeling hub,agencies/cdc.md
CDC,US HHS,Insight Net,UNC Chapel Hill (ACCIDDA),shared (up to $262.5M/5yr; >$148M to date),ceiling,2023,biosurveillance-detection,Outbreak analytics & disease modeling hub,agencies/cdc.md
CDC,US HHS,Insight Net,UT Austin (epiENGAGE),~$27.5M,obligated,2023,biosurveillance-detection,Outbreak analytics & disease modeling hub,agencies/cdc.md
CDC,US HHS,Insight Net,U Utah (ForeSITE),shared (up to $262.5M/5yr; >$148M to date),ceiling,2023,biosurveillance-detection,Outbreak analytics & disease modeling hub,agencies/cdc.md
CDC,US HHS,Insight Net,International Responder System (SOAR),shared (up to $262.5M/5yr; >$148M to date),ceiling,2023,biosurveillance-detection,Outbreak analytics & disease modeling hub,agencies/cdc.md
CDC,US HHS,COVID-19 Forecast Hub,Reich Lab UMass Amherst,undisclosed,undisclosed,2020,biosurveillance-detection,COVID-19 forecasting (CFA predecessor),agencies/cdc.md
CDC,US HHS,Emerging Infections Programs,UC Berkeley,~$3.6M avg/site (2014),obligated,2014,biosurveillance-detection,Population-based surveillance (ABCs),agencies/cdc.md
CDC,US HHS,Emerging Infections Programs,U Colorado HSC,~$3.6M avg/site (2014),obligated,2014,biosurveillance-detection,Population-based surveillance (ABCs),agencies/cdc.md
CDC,US HHS,Emerging Infections Programs,Yale,~$3.6M avg/site (2014),obligated,2014,biosurveillance-detection,Population-based surveillance (ABCs),agencies/cdc.md
CDC,US HHS,Emerging Infections Programs,Emory,~$3.6M avg/site (2014),obligated,2014,biosurveillance-detection,Population-based surveillance (ABCs),agencies/cdc.md
CDC,US HHS,Emerging Infections Programs,Johns Hopkins,~$3.6M avg/site (2014),obligated,2014,biosurveillance-detection,Population-based surveillance (ABCs),agencies/cdc.md
CDC,US HHS,Emerging Infections Programs,APIC (MN),~$3.6M avg/site (2014),obligated,2014,biosurveillance-detection,Population-based surveillance (ABCs),agencies/cdc.md
CDC,US HHS,Emerging Infections Programs,U New Mexico HSC,~$3.6M avg/site (2014),obligated,2014,biosurveillance-detection,Population-based surveillance (ABCs),agencies/cdc.md
CDC,US HHS,Emerging Infections Programs,U Rochester (NY),~$3.6M avg/site (2014),obligated,2014,biosurveillance-detection,Population-based surveillance (ABCs),agencies/cdc.md
CDC,US HHS,Emerging Infections Programs,OHSU (OR),~$3.6M avg/site (2014),obligated,2014,biosurveillance-detection,Population-based surveillance (ABCs),agencies/cdc.md
CDC,US HHS,Emerging Infections Programs,Vanderbilt (TN),~$3.6M avg/site (2014),obligated,2014,biosurveillance-detection,Population-based surveillance (ABCs),agencies/cdc.md
ASPR,US HHS,RDHRS pilot,Massachusetts General Hospital,~$3M/yr,obligated,2018,MCM-manufacturing,Regional Disaster Health Response System (Region 1),agencies/aspr.md
ASPR,US HHS,RDHRS pilot,Nebraska Medicine,~$3M/yr,obligated,2018,MCM-manufacturing,Regional Disaster Health Response System (Region 7),agencies/aspr.md
ASPR,US HHS,SNS procurement,Emergent BioSolutions,~$1B cumulative,obligated,,MCM-manufacturing,Anthrax vaccine (often BioShield/BARDA-executed - flagged),agencies/aspr.md
ASPR,US HHS,SNS procurement,DuPont,~2.25M Tyvek suits,undisclosed,2020,PPE-air-UV,PPE (Tyvek suits),agencies/aspr.md
ASPR,US HHS,SNS procurement,Sandoz/Bayer,donations,undisclosed,2020,therapeutics-antivirals,HCQ/chloroquine donations,agencies/aspr.md
ASPR,US HHS,DPA Title III,Manus Bio,$32.4M,obligated,2024,MCM-manufacturing,Key starting materials (KSMs),agencies/aspr.md
ASPR,US HHS,DPA Title III,Antheia,up to $12M (+ earlier ~$12M),ceiling,2024,MCM-manufacturing,API fermentation,agencies/aspr.md
ASPR,US HHS,DPA Title III,Phlow Corporation,$354M,obligated,2020,MCM-manufacturing,Essential medicines/APIs (announced HHS/ASPR/BARDA - typically BARDA),agencies/aspr.md
DTRA,US DoD,FY2015 cohort,MRIGlobal,$14.77M,obligated,2015,diagnostics,WGS diagnostic,agencies/dtra.md
DTRA,US DoD,FY2015 cohort,Digital Infuzion,$12.81M,obligated,2015,biosurveillance-detection,BSVE,agencies/dtra.md
DTRA,US DoD,FY2015 cohort,908 Devices,$11.53M,obligated,2015,biosurveillance-detection,uGC mass-spec,agencies/dtra.md
DTRA,US DoD,FY2015 cohort,EcoHealth Alliance,$4.48M,obligated,2015,biosurveillance-detection,GRITS,agencies/dtra.md
DTRA,US DoD,FY2015 cohort,GE Global Research,$3.12M,obligated,2015,diagnostics,AST,agencies/dtra.md
DTRA,US DoD,FY2015 cohort,Battelle,$3.14M,obligated,2015,therapeutics-antivirals,AChE reactivators,agencies/dtra.md
DTRA,US DoD,FY2015 cohort,Kitware,$2.34M,obligated,,biosurveillance-detection,BSVE Phase II,agencies/dtra.md
DTRA,US DoD,FY2015 cohort,ENSCO,$0.84M,obligated,,other,DTRA award,agencies/dtra.md
DTRA,US DoD,FY2015 cohort,Gryphon Scientific,$1.20M (two awards),obligated,,biosecurity-policy,DTRA awards,agencies/dtra.md
DTRA,US DoD,STEP 2.0,Battelle,$52.9M base / $93.3M total,ceiling,2026,MCM-manufacturing,STEP 2.0 (sole award),agencies/dtra.md
DTRA,US DoD,DoD IAC HD-TAT,Ginkgo Bioworks,~$43.5M task order,obligated,,synbio,MCDC + Battelle-led DoD IAC HD-TAT task order,agencies/dtra.md
DTRA,US DoD,University award,University of Pennsylvania,$4.54M,obligated,,therapeutics-antivirals,AAV chemical-threat protector,agencies/dtra.md
DTRA,US DoD,Q-VaxCelerate,Massachusetts General Hospital,$5.22M,obligated,,vaccines,Q-fever vaccine,agencies/dtra.md
DTRA,US DoD,University award,Columbia,$2.69M,obligated,,biosurveillance-detection,Flu forecasting,agencies/dtra.md
DTRA,US DoD,Overseas partner lab,Central Reference Laboratory Almaty Kazakhstan,~$102M-$130M,undisclosed,2017,biosurveillance-detection,CBEP/BTRP reference laboratory (transferred 2017),agencies/dtra.md
DTRA,US DoD,Overseas partner labs,Ukraine (46 Ukrainian-owned labs),~$200M since 2005,obligated,2005,biosurveillance-detection,Surveillance/diagnostics support,agencies/dtra.md
JPEO-CBRND,US DoD,COVID-19 vaccine (OWS),Moderna,~$2.48B total (incl $483M+$472M dev),obligated,2020,vaccines,COVID-19 vaccine (funded by BARDA; contracted via DoD),agencies/jpeo-cbrnd.md
JPEO-CBRND,US DoD,COVID-19 vaccine (OWS),Pfizer/BioNTech,~$1.95B,obligated,2020,vaccines,COVID-19 vaccine advance purchase,agencies/jpeo-cbrnd.md
JPEO-CBRND,US DoD,COVID-19 vaccine (OWS),Janssen/J&J,~$1B + ~$456M,obligated,2020,vaccines,COVID-19 vaccine,agencies/jpeo-cbrnd.md
JPEO-CBRND,US DoD,COVID-19 vaccine (OWS),AstraZeneca,up to ~$1.2B,ceiling,2020,vaccines,COVID-19 vaccine,agencies/jpeo-cbrnd.md
JPEO-CBRND,US DoD,COVID-19 vaccine (OWS),Novavax,$1.6B,obligated,2020,vaccines,COVID-19 vaccine (largest single OWS vaccine award),agencies/jpeo-cbrnd.md
JPEO-CBRND,US DoD,COVID-19 vaccine (OWS),Sanofi/GSK,~$2.1B,obligated,2020,vaccines,COVID-19 vaccine,agencies/jpeo-cbrnd.md
JPEO-CBRND,US DoD,COVID-19 therapeutics (MCDC OTA),Regeneron,$450.2M max,ceiling,2020,therapeutics-antivirals,REGN-COV2 mAb (BARDA + DoD JPEO-CBRND + ACC),agencies/jpeo-cbrnd.md
JPEO-CBRND,US DoD,COVID-19 therapeutics (MCDC OTA),AstraZeneca,~$486M,obligated,2020,therapeutics-antivirals,AZD7442 (Evusheld) mAb,agencies/jpeo-cbrnd.md
JPEO-CBRND,US DoD,COVID-19 diagnostics,Cepheid,~$3.7M,obligated,2020,diagnostics,Rapid molecular SARS-CoV-2 test (GeneXpert),agencies/jpeo-cbrnd.md
JPEO-CBRND,US DoD,ADM partner,Nanotherapeutics / Ology Bioservices,undisclosed,undisclosed,2013,MCM-manufacturing,Built/operated DoD-ADM (Alachua FL),agencies/jpeo-cbrnd.md
JPEO-CBRND,US DoD,ADM partner,National Resilience,undisclosed,undisclosed,2021,MCM-manufacturing,Acquired Ology; expanded under JPEO cost-share,agencies/jpeo-cbrnd.md
JPEO-CBRND,US DoD,Core CBRN MCM,Kaleo,undisclosed,undisclosed,,therapeutics-antivirals,Inaugural MCDC Innovation Award (naloxone autoinjector),agencies/jpeo-cbrnd.md
JPEO-CBRND,US DoD,Core CBRN MCM,Vanderbilt UMC Vaccine Center,undisclosed,undisclosed,,vaccines,Antibody discovery collaboration,agencies/jpeo-cbrnd.md
USAMRIID/DoD,US DoD,Intermediary foundation,Henry M. Jackson Foundation (HJF),undisclosed,undisclosed,,vaccines,Dominant non-profit partner for WRAIR (MHRP/SpFN/malaria) and NMRC,agencies/dod-medical.md
USAMRIID/DoD,US DoD,WRAIR vaccine partner,GSK,undisclosed,undisclosed,,vaccines,"RTS,S malaria; dengue via Army-GSK CRADA",agencies/dod-medical.md
USAMRIID/DoD,US DoD,WRAIR vaccine partner,PATH Malaria Vaccine Initiative,>$200M (incl $107.6M 2005; Gates-funded),obligated,2005,vaccines,"RTS,S malaria vaccine",agencies/dod-medical.md
USAMRIID/DoD,US DoD,RV144 partner,Sanofi Pasteur,undisclosed,undisclosed,,vaccines,RV144 HIV vaccine trial,agencies/dod-medical.md
USAMRIID/DoD,US DoD,RV144 partner,VaxGen/GSID,undisclosed,undisclosed,,vaccines,RV144 HIV vaccine trial,agencies/dod-medical.md
USAMRIID/DoD,US DoD,SpFN partner,Aldevron,undisclosed,undisclosed,,vaccines,SpFN GMP plasmid,agencies/dod-medical.md
USAMRIID/DoD,US DoD,NMRC/Navy partner,Sanaria,undisclosed,undisclosed,,vaccines,PfSPZ whole-sporozoite malaria (with U Maryland CVD),agencies/dod-medical.md
USAMRIID/DoD,US DoD,NMRC contractor,Leidos,$9.72M + 5-yr IDIQ ~$105.5M,ceiling,,basic-research,NHRC research support,agencies/dod-medical.md
USAMRIID/DoD,US DoD,NMRC contractor,Parsons,$8.27M,obligated,,basic-research,NAMRU-6 support,agencies/dod-medical.md
USAMRIID/DoD,US DoD,NMRC contractor,A.C. Investment,$4.27M,obligated,,basic-research,NAMRU Cambodia support,agencies/dod-medical.md
USAMRIID/DoD,US DoD,NMRC contractor,GDIT,~$4.13M,obligated,,basic-research,NMRC research support,agencies/dod-medical.md
USAMRIID/DoD,US DoD,NMRC contractor,Westat,~$3.74M,obligated,,basic-research,NMRC research support,agencies/dod-medical.md
USAMRIID/DoD,US DoD,USAMRIID licensee,Mapp Biopharmaceutical,$25.9M HHS/BARDA contract,obligated,2009,therapeutics-antivirals,ZMapp Ebola mAb license,agencies/dod-medical.md
USAMRIID/DoD,US DoD,USAMRIID collaborator,SIGA,undisclosed,undisclosed,,therapeutics-antivirals,TPOXX/tecovirimat (with NIAID),agencies/dod-medical.md
USAMRIID/DoD,US DoD,USAMRIID collaborator,DynPort Vaccine Co.,undisclosed,undisclosed,,vaccines,rF1-V plague vaccine,agencies/dod-medical.md
USAMRIID/DoD,US DoD,TBDRP FY24,Microbiotix,<=$1.325M,ceiling,2024,therapeutics-antivirals,Tick-borne disease research,agencies/dod-medical.md
USAMRIID/DoD,US DoD,TBDRP FY24,UCLA,<=$1.325M,ceiling,2024,basic-research,Tick-borne disease research,agencies/dod-medical.md
USAMRIID/DoD,US DoD,TBDRP FY24,University of Maryland,<=$1.325M,ceiling,2024,basic-research,Tick-borne disease research,agencies/dod-medical.md
DHS,US gov agency,NBACC operating (FFRDC M&O) contract,Battelle National Biodefense Institute (BNBI),>$480M (10-yr),ceiling,2015,biosurveillance-detection,NBACC M&O (HSHQDC-15-C-00064),agencies/dhs.md
DHS,US gov agency,BioWatch/BD21 vendor,Northrop Grumman,2010 task order $8.4M/up to $37M,ceiling,2010,biosurveillance-detection,Detector developer (Gen-2/Gen-3 prime),agencies/dhs.md
DHS,US gov agency,BioWatch lab-staffing/SETA,PAE,$82.8M,obligated,,biosurveillance-detection,BioWatch lab staffing/SETA,agencies/dhs.md
DHS,US gov agency,BioWatch lab-staffing/SETA,HW Consulting,$78.1M,obligated,,biosurveillance-detection,BioWatch lab staffing/SETA,agencies/dhs.md
DHS,US gov agency,BioWatch lab-staffing/SETA,Astrix,$69.6M,obligated,,biosurveillance-detection,BioWatch lab staffing/SETA,agencies/dhs.md
DHS,US gov agency,BioWatch lab-staffing/SETA,A-TEK,$54.4M + $47.3M,obligated,,biosurveillance-detection,BioWatch lab staffing/SETA,agencies/dhs.md
DHS,US gov agency,BioWatch lab-staffing/SETA,Amentum,$45.5M,obligated,,biosurveillance-detection,BioWatch lab staffing/SETA,agencies/dhs.md
DHS,US gov agency,BioWatch lab-staffing/SETA,Tauri Group,$30.4M,obligated,,biosurveillance-detection,BioWatch lab staffing/SETA,agencies/dhs.md
DHS,US gov agency,BioWatch lab-staffing/SETA,Signature Science,$13.5M,obligated,,biosurveillance-detection,BioWatch lab staffing/SETA,agencies/dhs.md
DHS,US gov agency,University Center of Excellence (FAZD),Texas A&M,$18M/3yr,obligated,2004,environmental-ag,Foreign Animal and Zoonotic Disease Defense,agencies/dhs.md
DHS,US gov agency,University Center of Excellence (FPDI/NCFPD),U Minnesota,$15M/3yr,obligated,2004,environmental-ag,Food Protection and Defense Institute,agencies/dhs.md
DHS,US gov agency,University Center of Excellence (CEEZAD),Kansas State,$12M/6yr,obligated,2010,environmental-ag,Emerging and Zoonotic Animal Diseases,agencies/dhs.md
DHS,US gov agency,Other performer,McCarthy Mortenson JV,~$1.25B all-in,obligated,,environmental-ag,Built NBAF,agencies/dhs.md
DHS,US gov agency,Other performer,Zeteo Tech,$1.87M/up to $5.86M,ceiling,2023,diagnostics,SBIR Phase III digitalMALDI,agencies/dhs.md
DHS,US gov agency,Other performer,WSP USA,undisclosed,undisclosed,,biosurveillance-detection,NBACC design,agencies/dhs.md
USAID,US gov agency,PREDICT,UC Davis (One Health Institute),~$211.8M combined + $2.26M COVID extension,obligated,2009,biosurveillance-detection,PREDICT prime,agencies/usaid.md
USAID,US gov agency,PREDICT,EcoHealth Alliance,~$1.1M (+ ~$2.5M),obligated,2009,biosurveillance-detection,PREDICT consortium partner (WIV sub-agreement),agencies/usaid.md
USAID,US gov agency,PREDICT/PREVENT,Metabiota,undisclosed,undisclosed,,biosurveillance-detection,Data analytics,agencies/usaid.md
USAID,US gov agency,PREDICT,Wildlife Conservation Society,undisclosed,undisclosed,,biosurveillance-detection,Wildlife surveillance partner,agencies/usaid.md
USAID,US gov agency,PREDICT,Smithsonian Institution,undisclosed,undisclosed,,biosurveillance-detection,Wildlife surveillance partner,agencies/usaid.md
USAID,US gov agency,STOP Spillover,Tufts University,$100M (~$31.2M obligated),ceiling,2020,biosurveillance-detection,STOP Spillover prime,agencies/usaid.md
USAID,US gov agency,STOP Spillover,Tetra Tech ARD,undisclosed,undisclosed,2020,biosurveillance-detection,STOP Spillover sub-partner,agencies/usaid.md
USAID,US gov agency,EPT (RESPOND/Preparedness & Response),DAI,undisclosed,undisclosed,,biosurveillance-detection,RESPOND (EPT-1) + Preparedness & Response (EPT-2 16 countries),agencies/usaid.md
USAID,US gov agency,FY2024 implementer,Jhpiego/Johns Hopkins,~$159M,obligated,2024,other,USAID FY2024 (6th-largest),agencies/usaid.md
USAID,US gov agency,FY2024 implementer,FHI 360,~$474.4M,obligated,2024,other,USAID FY2024 (2nd-largest); leads EpiC,agencies/usaid.md
USAID,US gov agency,FY2024 implementer,RTI International,~$223.9M,obligated,2024,biosurveillance-detection,USAID FY2024 (3rd-largest); NTDs + surveillance,agencies/usaid.md
USAID,US gov agency,GHSC-PSM,Chemonics,~$9.5B ceiling ($6.72B obligated),ceiling,,MCM-manufacturing,COVID PPE/test/oxygen logistics,agencies/usaid.md
USAID,US gov agency,DEEP VZN,Washington State University,~$125M,ceiling,2021,biosurveillance-detection,PREDICT successor (cancelled July 2023),agencies/usaid.md
USDA,US gov agency,H5N1 poultry vaccine,Zoetis,undisclosed,undisclosed,2025,vaccines,H5N1 poultry vaccine conditional license,agencies/usda.md
USDA,US gov agency,NIFA AFRI grantee,University of Minnesota,undisclosed,undisclosed,,AMR,Turkey antibiotic reduction,agencies/usda.md
State Dept,US gov agency,BEP grant-management partner,CRDF Global,~$300M total (all programs),obligated,,biosecurity-policy,BEP primary grant-management partner,agencies/state.md
State Dept,US gov agency,BEP-funded workshop,National Academies of Sciences,undisclosed,undisclosed,2011,biosecurity-policy,Istanbul high-containment-lab biosecurity workshop,agencies/state.md
State Dept,US gov agency,BEP implementer,Sandia National Laboratories,undisclosed,undisclosed,,biosecurity-policy,Biosafety Twinning,agencies/state.md
State Dept,US gov agency,BEP implementer,LSU NCBRT/ACE,undisclosed,undisclosed,,biosecurity-policy,Biological/chemical threat training,agencies/state.md
State Dept,US gov agency,BEP implementer,Global Implementation Solutions,undisclosed,undisclosed,,biosecurity-policy,One Health projects,agencies/state.md
State Dept,US gov agency,GHSD/PEPFAR partner,Global Fund,FY2024 $1.65B (cumulative ~$33B),obligated,2024,other,Largest multilateral PEPFAR partner,agencies/state.md
DOE/NNSA,US gov agency,LLNL M&O,Lawrence Livermore National Security LLC,undisclosed,undisclosed,,biosurveillance-detection,LLNL operating contract (Bechtel/UC/BWXT/Amentum),agencies/doe.md
DOE/NNSA,US gov agency,LANL M&O,Triad National Security LLC,undisclosed,undisclosed,,biosurveillance-detection,LANL operating contract (Battelle/Texas A&M/UC),agencies/doe.md
DOE/NNSA,US gov agency,Sandia M&O,NTESS LLC,undisclosed,undisclosed,,diagnostics,Sandia operating contract (Honeywell subsidiary),agencies/doe.md
DOE/NNSA,US gov agency,LBNL (JGI) M&O,University of California,undisclosed,undisclosed,,basic-research,LBNL/JGI operating entity,agencies/doe.md
DOE/NNSA,US gov agency,PNNL M&O,Battelle Memorial Institute,undisclosed,undisclosed,,basic-research,PNNL operating entity,agencies/doe.md
DOE/NNSA,US gov agency,ORNL M&O,UT-Battelle LLC,undisclosed,undisclosed,,basic-research,ORNL operating entity,agencies/doe.md
DOE/NNSA,US gov agency,Sandia diagnostic,Sandia (SpinDx biothreat instrument),~$4M,obligated,,diagnostics,Biothreat diagnostic (NIAID-funded),agencies/doe.md
NSF,US gov agency,PIPP Phase II (CPI),UC Davis (Johnson),~$18M/7yr,ceiling,2024,biosurveillance-detection,PIPP Phase II Center,agencies/nsf.md
NSF,US gov agency,PIPP Phase II (APPEX),UT Knoxville (Fefferman),~$18M/7yr,ceiling,2024,biosurveillance-detection,PIPP Phase II Center,agencies/nsf.md
NSF,US gov agency,PIPP Phase II (COMPASS),Virginia Tech (Murali),~$18M/7yr,ceiling,2024,biosurveillance-detection,PIPP Phase II Center,agencies/nsf.md
NSF,US gov agency,PIPP Phase II (ESCAPE),U Kentucky (Berry),~$18M/7yr,ceiling,2024,biosurveillance-detection,PIPP Phase II Center,agencies/nsf.md
NSF,US gov agency,EEID,U Tennessee Inst. of Agriculture,$2.76M,obligated,,basic-research,Wildlife-trade pathogen dynamics,agencies/nsf.md
NSF,US gov agency,EEID,UNC Chapel Hill,$2.45M,obligated,,basic-research,Fungal plant disease,agencies/nsf.md
NSF,US gov agency,EEID,St. Jude,$376K,obligated,,basic-research,US-UK-China poultry/H5Nx,agencies/nsf.md
NSF,US gov agency,RAPID COVID-19,Columbia (Shaman),"$198,643",obligated,2020,biosurveillance-detection,Forecasting,agencies/nsf.md
NSF,US gov agency,RAPID COVID-19,Johns Hopkins (Gardner),$200K,obligated,2020,biosurveillance-detection,CSSE dashboard,agencies/nsf.md
NSF,US gov agency,RAPID COVID-19,Northwestern (Rogers),"$83,784",obligated,2020,diagnostics,Wearables,agencies/nsf.md
NSF,US gov agency,RAPID COVID-19,Duke (Chilkoti),"$143,204",obligated,2020,diagnostics,Rapid test,agencies/nsf.md
NSF,US gov agency,RAPID COVID-19,UC San Diego (Amaro),"$199,910",obligated,2020,basic-research,Spike glycosylation,agencies/nsf.md
NSF,US gov agency,RAPID COVID-19,NYU (Schlick),$200K,obligated,2020,therapeutics-antivirals,RNA targets,agencies/nsf.md
NSF,US gov agency,Expeditions (Global Pervasive Computational Epidemiology),UVA (Marathe),~$4.29M (lead of ~$10M),obligated,2020,biosurveillance-detection,Computational epidemiology,agencies/nsf.md
NSF,US gov agency,BII (VERENA),Georgetown,~$9.5M,obligated,2022,basic-research,Viral Emergence Research Initiative,agencies/nsf.md
IARPA,US DoD,Fun GCAT,Signature Science,$1.9M Phase 3,obligated,2020,synbio,S2FAST nucleic-acid screening software,agencies/intel.md
IARPA,US DoD,Fun GCAT,Virginia Tech Biocomplexity Institute,undisclosed,undisclosed,,synbio,Fun GCAT performer team,agencies/intel.md
IARPA,US DoD,FELIX,Ginkgo Bioworks,undisclosed,undisclosed,,synbio,ENDAR computational tools,agencies/intel.md
IARPA,US DoD,FELIX,Draper,undisclosed,undisclosed,,synbio,Experimental detection platform,agencies/intel.md
IARPA,US DoD,MIST,Georgia Tech Research Institute (SMASH),up to $25M,ceiling,2020,synbio,DNA-based data storage (with Twist/Roswell/UW/Microsoft),agencies/intel.md
IARPA,US DoD,MIST,Molecular Encoding Consortium (Broad Institute),up to $23M,ceiling,2020,synbio,DNA-based data storage (Harvard/DNA Script),agencies/intel.md
In-Q-Tel,US gov agency,Portfolio,T2 Biosystems,part of ~$10.8M round,undisclosed,,diagnostics,Magnetic-resonance pathogen diagnostics,agencies/intel.md
In-Q-Tel,US gov agency,Portfolio,Claremont BioSolutions,undisclosed,undisclosed,2012,diagnostics,Nucleic-acid sample prep,agencies/intel.md
In-Q-Tel,US gov agency,Portfolio,Quanterix,undisclosed,undisclosed,2012,diagnostics,Simoa ultra-sensitive detection,agencies/intel.md
In-Q-Tel,US gov agency,Portfolio,Kailos Genetics,undisclosed,undisclosed,2017,diagnostics,NGS lab/software,agencies/intel.md
In-Q-Tel,US gov agency,Portfolio,OpGen,undisclosed,undisclosed,2008,diagnostics,Optical genome mapping,agencies/intel.md
In-Q-Tel,US gov agency,Portfolio,Bio-NEMS,undisclosed,undisclosed,2013,diagnostics,Handheld DNA testing,agencies/intel.md
In-Q-Tel,US gov agency,Portfolio,Antheia,$17M round,undisclosed,2024,synbio,Synbio API biomanufacturing,agencies/intel.md
In-Q-Tel,US gov agency,Portfolio,Alta Resource Technologies,undisclosed,undisclosed,2025,synbio,Engineered-protein mineral separation,agencies/intel.md
ARPA-H,US HHS,APECx,Vaccine Company Inc.,up to $49M,ceiling,2024,vaccines,A-FAVE flaviviruses (West Nile/dengue/Zika),agencies/arpa-h.md
ARPA-H,US HHS,APECx,La Jolla Institute for Immunology,up to ~$49M,ceiling,2024,vaccines,America's SHIELD beta/gamma herpesviruses,agencies/arpa-h.md
ARPA-H,US HHS,APECx,Vanderbilt University,up to $46M,ceiling,2024,vaccines,PEAC alphaviruses (chikungunya/EEE),agencies/arpa-h.md
ARPA-H,US HHS,APECx,University of Washington,undisclosed,undisclosed,2024,vaccines,Alpha/gamma herpesviruses (incl HSV),agencies/arpa-h.md
ARPA-H,US HHS,APECx,Texas A&M Engineering Experiment Station,up to $10.5M,ceiling,2024,vaccines,SPHERICAL AI protein modeling,agencies/arpa-h.md
ARPA-H,US HHS,CUREIT,Emory University,up to $24M,ceiling,2023,vaccines,mRNA platform (with Georgia Tech and Yale),agencies/arpa-h.md
ARPA-H,US HHS,DARTS,Harvard Medical School,up to $104M,ceiling,2023,AMR,Single-cell imaging + ML AMR diagnostics,agencies/arpa-h.md
ARPA-H,US HHS,PROTECT,UC Berkeley,up to $22.7M total,ceiling,2024,AMR,Inhalable probiotic/prebiotic (with UC San Diego),agencies/arpa-h.md
ARPA-H,US HHS,TARGET,Phare Bio,up to $27M,ceiling,2024,AMR,Generative-AI antibiotic discovery (with MIT/Harvard Wyss),agencies/arpa-h.md
ARPA-H,US HHS,SCRIBE,Synko Pharma Corp,up to $12.7M,ceiling,2026,therapeutics-antivirals,Broad-spectrum antiviral nasal spray (UCLA ~$3.3M),agencies/arpa-h.md
ARPA-H,US HHS,MIGHTY,University of Illinois Urbana-Champaign,up to $28M,ceiling,2025,AMR,Precision bacteriophage platform,agencies/arpa-h.md
ARPA-H,US HHS,(AMR/ID),TigaTx Inc.,up to $33.5M,ceiling,2024,AMR,Secretory IgA mAb platform (ID application),agencies/arpa-h.md
ARPA-H,US HHS,BREATHE,Mayo Clinic,up to $40M,ceiling,2025,PPE-air-UV,HAIQU microfluidic-droplet CRISPR air biosensor,agencies/arpa-h.md
ARPA-H,US HHS,BREATHE,Poppy Health Inc.,up to ~$39M,ceiling,2025,PPE-air-UV,SCALE amplification-free genetic sensor for schools,agencies/arpa-h.md
ARPA-H,US HHS,BREATHE,Virginia Tech,up to $39.9M,ceiling,2025,PPE-air-UV,BRAVE nanobody-based biosensor,agencies/arpa-h.md
ARPA-H,US HHS,BREATHE,SafeTraces Inc.,up to $39M,ceiling,2025,PPE-air-UV,R-TRAC/PathogenSentinel biosensor/biosurveillance,agencies/arpa-h.md
ARPA-H,US HHS,REACT,Ginkgo Bioworks,up to $9.4M,ceiling,,diagnostics,Implantable cell-based bioelectronic devices (with CMU),agencies/arpa-h.md
ARPA-H,US HHS,REACT,Columbia University,up to $41M,ceiling,,diagnostics,Living Sentinel/Living Pharmacy biosensors,agencies/arpa-h.md
ARPA-H,US HHS,WHEAT,Ginkgo Bioworks Inc.,$29M,ceiling,2025,MCM-manufacturing,Wheat-germ cell-free API manufacturing,agencies/arpa-h.md
ARPA-H,US HHS,AdVAntage,Sun Vectors Inc.,up to $13.4M,ceiling,2025,MCM-manufacturing,Cell-free viral-vector manufacturing,agencies/arpa-h.md
ARPA-H,US HHS,SUPPLI,Occam Systems Inc.,undisclosed,undisclosed,,MCM-manufacturing,AI pharmaceutical supply-chain shortage tool,agencies/arpa-h.md
ARPA-H,US HHS,DIGIHEALS,Systems & Technology Research LLC,up to $16M,ceiling,2023,other,AMdP2 automated medical-device patching,agencies/arpa-h.md
ARPA-H,US HHS,DIGIHEALS,Karambit.AI,up to $3M,ceiling,2023,other,Software bill of behaviors,agencies/arpa-h.md
CEPI,multilateral/nonprofit,Lassa/MERS-CoV,Themis Bioscience,$37.5M,ceiling,2018,vaccines,Lassa/MERS measles-vector vaccine (CEPI's first grant),cepi.md
CEPI,multilateral/nonprofit,Lassa/MERS-CoV,Inovio,$56M,ceiling,2018,vaccines,Lassa/MERS DNA vaccine,cepi.md
CEPI,multilateral/nonprofit,Lassa/MERS-CoV,IAVI,$54.9M,ceiling,2018,vaccines,Lassa VSV-vector vaccine,cepi.md
CEPI,multilateral/nonprofit,Lassa/MERS-CoV,Profectus + Emergent,$35-36M,ceiling,2018,vaccines,Lassa VesiculoVax (VSV) vaccine,cepi.md
CEPI,multilateral/nonprofit,Lassa/MERS-CoV,IDT Biologika consortium,$36M,ceiling,2018,vaccines,MERS MVA-vector vaccine,cepi.md
CEPI,multilateral/nonprofit,Lassa/MERS-CoV,Janssen + Oxford,$19M,ceiling,2018,vaccines,Lassa/MERS ChAdOx vaccine,cepi.md
CEPI,multilateral/nonprofit,Lassa/MERS-CoV,CureVac,$34M,ceiling,2019,vaccines,Lassa/yellow fever/rabies/Disease X mRNA RNA Printer,cepi.md
CEPI,multilateral/nonprofit,Nipah,Auro Vaccines + PATH,$25M,ceiling,2018,vaccines,Nipah vaccine,cepi.md
CEPI,multilateral/nonprofit,Nipah,University of Tokyo,$31M,ceiling,2019,vaccines,Nipah measles-vector vaccine,cepi.md
CEPI,multilateral/nonprofit,Nipah,Public Health Vaccines,$43.6M,ceiling,2019,vaccines,Nipah VSV vaccine,cepi.md
CEPI,multilateral/nonprofit,Nipah,University of Oxford,undisclosed,undisclosed,,vaccines,Nipah ChAdOx vaccine,cepi.md
CEPI,multilateral/nonprofit,Bundibugyo ebolavirus,Public Health Vaccines,~$1.9M,ceiling,,vaccines,Bundibugyo ebolavirus vaccine,cepi.md
CEPI,multilateral/nonprofit,Chikungunya,Themis,$21M,ceiling,2019,vaccines,Chikungunya vaccine,cepi.md
CEPI,multilateral/nonprofit,Chikungunya,Valneva,"$23.4M (+ $41M expansion Jul 2024)",ceiling,2019,vaccines,Chikungunya vaccine,cepi.md
CEPI,multilateral/nonprofit,Chikungunya,IVI + Bharat Biotech,"$14.1M + ~$2M Ind-CEPI",ceiling,2020,vaccines,Chikungunya vaccine,cepi.md
CEPI,multilateral/nonprofit,Rift Valley Fever,Wageningen University,$12.5M,ceiling,2019,vaccines,Rift Valley fever vaccine,cepi.md
CEPI,multilateral/nonprofit,Rift Valley Fever,Colorado State University,$9.5M,ceiling,2019,vaccines,Rift Valley fever vaccine,cepi.md
CEPI,multilateral/nonprofit,Rapid-Response/Disease X,Imperial College London,$8.4M,ceiling,,vaccines,saRNA rapid-response platform,cepi.md
CEPI,multilateral/nonprofit,Rapid-Response/Disease X,University of Queensland,$10.6M,ceiling,,vaccines,Molecular clamp platform,cepi.md
CEPI,multilateral/nonprofit,Rapid-Response/Disease X,SK bioscience,undisclosed,undisclosed,2023,vaccines,mRNA library Disease X,cepi.md
CEPI,multilateral/nonprofit,Rapid-Response/Disease X,University of Oxford,undisclosed,undisclosed,2023,vaccines,Disease X,cepi.md
CEPI,multilateral/nonprofit,COVID-19,Moderna,~$0.9M initial,obligated,2020,vaccines,mRNA early catalyst,cepi.md
CEPI,multilateral/nonprofit,COVID-19,Inovio,undisclosed,undisclosed,2020,vaccines,DNA COVID expansion,cepi.md
CEPI,multilateral/nonprofit,COVID-19,University of Queensland (+CSL),built on $10.6M,ceiling,2020,vaccines,Molecular clamp COVID vaccine,cepi.md
CEPI,multilateral/nonprofit,COVID-19,CureVac,~$8.3M,ceiling,2020,vaccines,mRNA COVID vaccine,cepi.md
CEPI,multilateral/nonprofit,COVID-19,University of Hong Kong,$0.62M + $4.89M,ceiling,2020,vaccines,Live-attenuated influenza-vectored COVID vaccine,cepi.md
CEPI,multilateral/nonprofit,COVID-19,Novavax,up to $384-399M,ceiling,2020,vaccines,Recombinant nanoparticle COVID vaccine (CEPI's largest),cepi.md
CEPI,multilateral/nonprofit,COVID-19,University of Oxford,~$4.4M early,ceiling,2020,vaccines,ChAdOx1 (Oxford/AstraZeneca) COVID vaccine,cepi.md
CEPI,multilateral/nonprofit,COVID-19,Clover Biopharmaceuticals,"~$3.5M -> ~$328M total",ceiling,2020,vaccines,Protein subunit S-Trimer COVID vaccine,cepi.md
CEPI,multilateral/nonprofit,COVID-19,SK bioscience,~$10M,ceiling,2020,vaccines,Protein subunit COVID vaccine + manufacturing,cepi.md
CEPI,multilateral/nonprofit,COVID-19,Biological E,undisclosed,undisclosed,2020,vaccines,Protein subunit COVID vaccine,cepi.md
CEPI,multilateral/nonprofit,COVID-19,Gritstone bio,$20.6M,ceiling,2021,vaccines,saRNA variant COVID vaccine,cepi.md
CEPI,multilateral/nonprofit,COVID-19,Affinivax,$4.5M,ceiling,2021,vaccines,MAPS broadly-protective COVID-variant vaccine,cepi.md
CEPI,multilateral/nonprofit,Other/Later,BioNTech,up to $90M,ceiling,2023,vaccines,mpox vaccine,cepi.md
CEPI,multilateral/nonprofit,Manufacturing Network,BioNTech Kigali (Rwanda),up to $145M,ceiling,2024,MCM-manufacturing,mRNA manufacturing facility,cepi.md
CEPI,multilateral/nonprofit,Manufacturing Network,Bio Farma (Indonesia),up to $15M,ceiling,,MCM-manufacturing,Manufacturing capacity,cepi.md
Gates Foundation,foundation/philanthropy,Gavi,Gavi,~$7.7B cumulative,obligated,2000-,vaccines,Largest grantee; vaccine access,gates.md
Gates Foundation,foundation/philanthropy,CEPI,CEPI,"$100M (2017), $20M (2020), $150M (2022)",obligated,2017-2022,vaccines,Co-founder pledges,gates.md
Gates Foundation,foundation/philanthropy,WHO funding,WHO,~$5.5B cumulative,obligated,2000-2024,other,Global health incl. ~59% polio,gates.md
Gates Foundation,foundation/philanthropy,PATH/MVI,PATH,"$168.7M (2008 MVI), $107.6M (2005 RTS,S), $50M (1999 MVI founding)",obligated,1999-2008,vaccines,Malaria Vaccine Initiative,gates.md
Gates Foundation,foundation/philanthropy,IAVI,IAVI,"$100M (2001), $25M (1999)",obligated,1999-2001,vaccines,HIV vaccine challenge grant,gates.md
Gates Foundation,foundation/philanthropy,IVI,IVI (Seoul),"$40M (2000), $13.4M (2009), ~$15.7M (~2019)",obligated,2000-2019,vaccines,DOMI cholera/typhoid/shigellosis; typhoid Vi-DT,gates.md
Gates Foundation,foundation/philanthropy,Institut Pasteur,Institut Pasteur,~$1.15M (2024 Shigella),obligated,2024,basic-research,Shigella research,gates.md
Gates Foundation,foundation/philanthropy,IHME,University of Washington / IHME,"$105M (2007), $279M/10yr (2017), ~$210M (~2016)",obligated,2007-2017,biosurveillance-detection,IHME founding/building,gates.md
Gates Foundation,foundation/philanthropy,Target Malaria,Imperial College London,"$35M (2016), ~$75M cumulative; $14.5M (2018)",obligated,2016-2018,basic-research,Gene-drive malaria,gates.md
Gates Foundation,foundation/philanthropy,TB consortium,Johns Hopkins,"$44.7M (2004)",obligated,2004,basic-research,CREATE TB consortium,gates.md
Gates Foundation,foundation/philanthropy,Malaria/COVID vaccine,University of Oxford,~£1.6M to pre-pandemic ChAdOx,obligated,,vaccines,R21/Matrix-M; ChAdOx1/AstraZeneca,gates.md
Gates Foundation,foundation/philanthropy,CTA,La Jolla Institute,$20M initial (with UW & MORU/Oxford),obligated,2020,therapeutics-antivirals,CTA initial awards,gates.md
Gates Foundation,foundation/philanthropy,mRNA hub partners,Biovac,~$5.24M,obligated,2023,MCM-manufacturing,mRNA manufacturing,gates.md
Gates Foundation,foundation/philanthropy,mRNA hub partners,Afrigen,~$0 confirmed direct,undisclosed,,MCM-manufacturing,mRNA hub (no confirmed direct Gates funding),gates.md
Gates Foundation,foundation/philanthropy,Diagnostics,FIND,"up to $30M (2003), $62M (2007 TB), $3.88M (2021)",ceiling,2003-2021,diagnostics,Diagnostics founding/TB,gates.md
Gates Foundation,foundation/philanthropy,Diagnostics,Abbott / SD Biosensor,up to $100M,ceiling,2020,diagnostics,COVID rapid testing volume guarantees,gates.md
Gates Foundation,foundation/philanthropy,Diagnostics,Africa Pathogen Genomics Initiative,~$45M Gates share of $100M,obligated,2020,biosurveillance-detection,Africa pathogen genomics,gates.md
Gates Foundation,foundation/philanthropy,mRNA / Manufacturing-in-Africa,Quantoom (Belgium),$20M (of $40M package),obligated,2023,MCM-manufacturing,mRNA package,gates.md
Gates Foundation,foundation/philanthropy,mRNA / Manufacturing-in-Africa,Institut Pasteur de Dakar,$5M,obligated,2023,MCM-manufacturing,mRNA package,gates.md
Gates Foundation,foundation/philanthropy,mRNA / Manufacturing-in-Africa,Biovac (South Africa),$5M,obligated,2023,MCM-manufacturing,mRNA package,gates.md
Gates Foundation,foundation/philanthropy,mRNA / Manufacturing-in-Africa,Aspen (South Africa),"$30M ($15M Gates + $15M CEPI)",obligated,2022,MCM-manufacturing,mRNA manufacturing,gates.md
Gates Foundation,foundation/philanthropy,Therapeutics,generic molnupiravir makers,up to $120M,ceiling,2021,therapeutics-antivirals,Generic molnupiravir,gates.md
Wellcome Trust,foundation/philanthropy,Overseas research programmes,KEMRI-Wellcome Trust (KWTRP),£91M over 7 yrs,obligated,2024,biosurveillance-detection,Kenya ID research; SARS-CoV-2 sequencing hub,wellcome.md
Wellcome Trust,foundation/philanthropy,Overseas research programmes,Malawi-Liverpool-Wellcome (MLW),undisclosed,undisclosed,,basic-research,Malawi ID research platform,wellcome.md
Wellcome Trust,foundation/philanthropy,Overseas research programmes,Africa Health Research Institute (AHRI),undisclosed,undisclosed,,basic-research,HIV/TB and ID,wellcome.md
Wellcome Trust,foundation/philanthropy,Overseas research programmes,Mahidol-Oxford (MORU),undisclosed,undisclosed,,basic-research,Malaria/TB/COVID research,wellcome.md
Wellcome Trust,foundation/philanthropy,Overseas research programmes,Oxford University Clinical Research Unit (OUCRU),undisclosed,undisclosed,,basic-research,Vietnam tropical/ID unit,wellcome.md
Wellcome Trust,foundation/philanthropy,Wellcome Sanger Institute,Genome Research Limited (GRL),core-funded since 1992,obligated,1992-,biosurveillance-detection,Pathogen genomics (COG-UK),wellcome.md
Wellcome Trust,foundation/philanthropy,CEPI,CEPI,"$100M (2017) + $300M joint pledge with Gates (2022)",obligated,2017-2022,vaccines,Co-founder pledges,wellcome.md
Wellcome Trust,foundation/philanthropy,CTA,University of Washington / University of Oxford / La Jolla Institute,$20M initial,obligated,2020,therapeutics-antivirals,CTA initial awards,wellcome.md
Wellcome Trust,foundation/philanthropy,AMR,CARB-X (Boston University),"up to ~$155.5M/5yr + $60M renewal",ceiling,2016-,AMR,Antibiotic development,wellcome.md
Wellcome Trust,foundation/philanthropy,AMR,GARDP,£1M,obligated,2018,AMR,Antibiotic R&D,wellcome.md
Wellcome Trust,foundation/philanthropy,ISARIC,ISARIC,"£4.5M (2019); up to £16.5M/5yr (2025)",ceiling,2019-2025,biosurveillance-detection,Clinical research network,wellcome.md
Wellcome Trust,foundation/philanthropy,Surveillance/genomics,COG-UK,undisclosed,undisclosed,2020,biosurveillance-detection,SARS-CoV-2 genomic surveillance,wellcome.md
Wellcome Leap,foundation/philanthropy,R3,17 selected performers (RiboPro/Sixfold/Cambridge/UMass/Penn/Dana-Farber/KCL/Auckland/Stanford/Lattice/VETeRNA/Trento/Emory/Toscana Life Sciences/DNA Script/GIS-A*STAR/Sheffield),share of $60M (per-performer undisclosed),undisclosed,~2021,vaccines,RNA Readiness + Response performers,wellcome-leap.md
Open Philanthropy,foundation/philanthropy,BPP,Johns Hopkins Center for Health Security,"~$16M (2017), ~$20M (2019), ~$10M (2023) + ~$381K",obligated,2017-2023,biosecurity-policy,Policy/research/GCBR; Health Security Scholars,open-phil.md
Open Philanthropy,foundation/philanthropy,BPP,Nuclear Threat Initiative (NTI | bio),"~$6M, ~$3.56M, ~$8.5M (2020), ~$7.83M (2023)",obligated,2020-2023,biosecurity-policy,Synthesis screening/governance,open-phil.md
Open Philanthropy,foundation/philanthropy,BPP,Georgetown CSET,~$3.33M biosecurity project,obligated,,biosecurity-policy,Dual-use bioscience research,open-phil.md
Open Philanthropy,foundation/philanthropy,BPP,Georgetown Center for Global Health Science & Security,"~$3.5M + follow-ons (~$7.1M cumulative)",obligated,,biosecurity-policy,Pandemic preparedness,open-phil.md
Open Philanthropy,foundation/philanthropy,BPP,Council on Strategic Risks,"~$6.53M (3 yrs) + ~$141K fellowship",obligated,,biosecurity-policy,Biosecurity fellowships & policy,open-phil.md
Open Philanthropy,foundation/philanthropy,BPP,SecureBio / Nucleic Acid Observatory,"~$3.43M (NAO), ~$4M general, ~$1.42M, ~$570K",obligated,,biosurveillance-detection,Metagenomic early detection,open-phil.md
Open Philanthropy,foundation/philanthropy,BPP,Blueprint Biosecurity,"~$7.11M (incl. regranting); ~$1.85M direct core",obligated,,PPE-air-UV,Far-UVC/next-gen PPE/glycol air disinfection,open-phil.md
Open Philanthropy,foundation/philanthropy,BPP,Brown University Pandemic Center,~$450K (3 yrs),obligated,,biosecurity-policy,Policy/operations,open-phil.md
Open Philanthropy,foundation/philanthropy,BPP,Columbia University (David Brenner),~$3.2M,obligated,2022,PPE-air-UV,Far-UVC 222nm research,open-phil.md
Open Philanthropy,foundation/philanthropy,BPP,Sherlock Biosciences,up to ~$17.5M over 5 yrs,ceiling,,diagnostics,Rapid viral diagnostics,open-phil.md
Open Philanthropy,foundation/philanthropy,BPP,Convergent Research,~$400K,obligated,,PPE-air-UV,Far-UVC/biosurveillance/PPE,open-phil.md
Open Philanthropy,foundation/philanthropy,BPP,University of Pretoria,"~$754,525 (2 yrs)",obligated,,PPE-air-UV,Far-UVC efficacy (TB),open-phil.md
Open Philanthropy,foundation/philanthropy,BPP,Good Forever,~$10M,obligated,,biosecurity-policy,Regranting for biosecurity,open-phil.md
Rockefeller Foundation,foundation/philanthropy,Genomic surveillance,Stellenbosch University - CERI,"$4.5M initial / $9M total",obligated,2021-2026,biosurveillance-detection,African pathogen genomics (Omicron detection),rockefeller.md
Rockefeller Foundation,foundation/philanthropy,Genomic surveillance,CSIR-CCMB (Hyderabad),$9.5M,obligated,2021-2024,biosurveillance-detection,India pathogen genomics,rockefeller.md
Rockefeller Foundation,foundation/philanthropy,Genomic surveillance,Boston Children's + University of Oxford - Global.health,$3M,obligated,2022,biosurveillance-detection,Global.health data platform,rockefeller.md
Rockefeller Foundation,foundation/philanthropy,Genomic surveillance,"Broad Institute, LSU Health Shreveport, University of Florida",undisclosed (under ~$20M package),undisclosed,,biosurveillance-detection,U.S. Regional Accelerators for Genomic Surveillance,rockefeller.md
Rockefeller Foundation,foundation/philanthropy,Surveillance,Scripps Research,"$446,565",obligated,,biosurveillance-detection,DETECT wearables,rockefeller.md
Rockefeller Foundation,foundation/philanthropy,Surveillance,Johns Hopkins Center for Health Security,$400K,obligated,,biosecurity-policy,Health security,rockefeller.md
Rockefeller Foundation,foundation/philanthropy,Surveillance,Harvard Chan,"$249,511",obligated,,biosurveillance-detection,Surveillance,rockefeller.md
Rockefeller Foundation,foundation/philanthropy,Surveillance,Helix,~$898K,obligated,,biosurveillance-detection,Single-source surveillance,rockefeller.md
Rockefeller Foundation,foundation/philanthropy,Surveillance,WHO Hub for Pandemic and Epidemic Intelligence (Berlin),$5M,obligated,2023,biosurveillance-detection,Pandemic intelligence,rockefeller.md
Rockefeller Foundation,foundation/philanthropy,Surveillance,data.org,$2.5M,obligated,2023,biosurveillance-detection,Data science,rockefeller.md
Rockefeller Foundation,foundation/philanthropy,Testing,Africa CDC (via Africa Public Health Foundation),$12M,obligated,2021,diagnostics,PACT testing,rockefeller.md
Rockefeller Foundation,foundation/philanthropy,Surveillance,PATH/Digital Square,"$5M (DRIVE Demand); $1.5M (Climate & Health Data, with Wellcome)",obligated,2022-2024,biosurveillance-detection,DRIVE Demand; Climate & Health Data,rockefeller.md
Rockefeller Foundation,foundation/philanthropy,Data science,The Global Fund,"$15M RF + $10M",obligated,2019,biosurveillance-detection,Data Science Catalytic Fund,rockefeller.md
Rockefeller Foundation,foundation/philanthropy,Pandemic Fund,Pandemic Fund (World Bank),up to $15M pledge,ceiling,2022,biosecurity-policy,Founding philanthropic donor,rockefeller.md
Rockefeller Foundation,foundation/philanthropy,Surveillance,IPSN Catalytic Grant Fund,~$2M across 10 projects (RF one of three funders),obligated,2024,biosurveillance-detection,Pathogen surveillance network,rockefeller.md
CZI,foundation/philanthropy,Biohub SF,Biohub SF Investigators (UCSF/Berkeley/Stanford),~$1M each/5yr (47 in 2017; 86 in 2022),obligated,2017-2022,basic-research,Biohub investigators,czi.md
CZI,foundation/philanthropy,Biohub SF,University of California Berkeley,~$14.5M,obligated,,basic-research,Biohub investigators (Berkeley share),czi.md
CZI,foundation/philanthropy,CZ ID,Child Health Research Foundation (Senjuti Saha),undisclosed,undisclosed,,biosurveillance-detection,CZ ID in low-resource settings,czi.md
CZI,foundation/philanthropy,Human Cell Atlas,ancestrally diverse donor data teams,$28M (16 teams/31 countries),obligated,,basic-research,Human Cell Atlas diverse donor data,czi.md
CZI,foundation/philanthropy,Biohub Chicago,CZ Biohub Chicago (U Chicago/Northwestern/UIUC),~$250M CZI + $25M state,obligated,2023,basic-research,Sensor tech for inflammation/disease,czi.md
CZI,foundation/philanthropy,Biohub New York,CZ Biohub New York (Columbia/Rockefeller/Yale),~$300M incl. city/state,obligated,2023,basic-research,Bioengineer immune cells to sense early disease,czi.md
CZI,foundation/philanthropy,Biohub SF,Chan Zuckerberg Biohub - San Francisco,"$600M (2016) + up to $1B (2021)",obligated,2016-2021,basic-research,Biohub commitment,czi.md
Novo Nordisk Foundation,foundation/philanthropy,GPAP,DTU (Technical University of Denmark),up to DKK 200M / 6 yrs,ceiling,2025,biosurveillance-detection,AI genomic-pathogen platform,novo-nordisk.md
Novo Nordisk Foundation,foundation/philanthropy,PAD,11 projects (pandemic influenza),$20M to 11 projects,obligated,2024,therapeutics-antivirals,Pandemic influenza antivirals,novo-nordisk.md
Novo Nordisk Foundation,foundation/philanthropy,PAD,Pandemic Antiviral Discovery (collective),up to USD 90M collective (NNF + Open Phil + Gates),ceiling,2022,therapeutics-antivirals,Phase-2-ready oral antivirals,novo-nordisk.md
Novo Nordisk Foundation,foundation/philanthropy,Antiviral discovery,DNDi/THSTI,"€2,395,902",obligated,2026-2028,therapeutics-antivirals,Broad-spectrum antiviral renewal,novo-nordisk.md
Novo Nordisk Foundation,foundation/philanthropy,NIVI,University of Copenhagen,"up to DKK 1.8B (USD 260M); research arm up to DKK 1.425B",ceiling,2023,vaccines,Vaccines vs TB/influenza/Group A Strep via mucosal immunity,novo-nordisk.md
Novo Nordisk Foundation,foundation/philanthropy,AIM Bio,NC State + DTU,"DKK 182.7M (USD 27M)",obligated,2019,MCM-manufacturing,Biologics-manufacturing science,novo-nordisk.md
Novo Nordisk Foundation,foundation/philanthropy,Novo Nordisk Prize,Karikó/Weissman/Şahin/Türeci,DKK 5M,obligated,2022,vaccines,COVID mRNA vaccines recognition,novo-nordisk.md
Novo Nordisk Foundation,foundation/philanthropy,REPAIR Impact Fund,REPAIR Impact Fund (~12 companies),DKK 1B / USD 165M,obligated,2018,AMR,Anti-infective pipeline,novo-nordisk.md
Novo Nordisk Foundation,foundation/philanthropy,REPAIR Impact Fund,Mutabilis,€7M,obligated,,AMR,REPAIR investment,novo-nordisk.md
Novo Nordisk Foundation,foundation/philanthropy,REPAIR Impact Fund,IBT Vaccines,$3.9M,obligated,,AMR,REPAIR investment,novo-nordisk.md
Novo Nordisk Foundation,foundation/philanthropy,AMR Action Fund,AMR Action Fund,DKK 330M (USD 50M),obligated,2020,AMR,Into ~$1B global fund,novo-nordisk.md
Novo Nordisk Foundation,foundation/philanthropy,CARB-X,CARB-X,up to USD 25M over 3 yrs,ceiling,2024,AMR,Antibiotic accelerator,novo-nordisk.md
Novo Nordisk Foundation,foundation/philanthropy,Three-funder partnership / Gr-ADI,Gr-ADI consortium (18 projects/17 countries; managed by RTI International),"USD 300M total (each $100M); Gr-ADI USD 50M->USD 60M",obligated,2024-2026,AMR,Gram-Negative Antibiotic Discovery Innovator,novo-nordisk.md
Novo Nordisk Foundation,foundation/philanthropy,WHO framework agreement,WHO,up to DKK 380M (~USD 57M),ceiling,2025-2028,AMR,AMR one of four themes,novo-nordisk.md
Novo Nordisk Foundation,foundation/philanthropy,PIG-PARADIGM,Aarhus University,DKK 150M,obligated,2022,AMR,One Health/pig sector,novo-nordisk.md
Novo Nordisk Foundation,foundation/philanthropy,Grantees,DTU Biosustain,"DKK 750M (2021-25); >DKK 2B cumulative",obligated,2011-,basic-research,Biosustain; wastewater AMR surveillance (DKK 60M 2017),novo-nordisk.md
Novo Nordisk Foundation,foundation/philanthropy,Grantees,University of Copenhagen - FluZooMark,DKK 59.9M,obligated,2019,biosurveillance-detection,Zoonotic/pandemic flu,novo-nordisk.md
Novo Nordisk Foundation,foundation/philanthropy,Grantees,Aarhus University (Distinguished Investigator),DKK 10M,obligated,2018,basic-research,Antiviral defence,novo-nordisk.md
Novo Nordisk Foundation,foundation/philanthropy,COVID-19 response,Statens Serum Institut (Testcenter Danmark),up to DKK 250M,ceiling,2020,diagnostics,COVID testing,novo-nordisk.md
Skoll/Ending Pandemics,foundation/philanthropy,SGTF/Ending Pandemics,CORDS,undisclosed,undisclosed,,biosurveillance-detection,Regional disease surveillance networks,skoll.md
Skoll/Ending Pandemics,foundation/philanthropy,SGTF/Ending Pandemics,ProMED / ISID,~$1.3M over 2010-2016,obligated,2010-2016,biosurveillance-detection,Outbreak reporting,skoll.md
Skoll/Ending Pandemics,foundation/philanthropy,SGTF/Ending Pandemics,HealthMap / Boston Children's,>$1.6M across six grants,obligated,,biosurveillance-detection,Flu Near You,skoll.md
Skoll/Ending Pandemics,foundation/philanthropy,SGTF/Ending Pandemics,Task Force for Global Health,>$2.9M,obligated,,biosurveillance-detection,Surveillance,skoll.md
Skoll/Ending Pandemics,foundation/philanthropy,SGTF/Ending Pandemics,Chiang Mai University (PODD),~$2M,obligated,2014,biosurveillance-detection,PODD One Health surveillance,skoll.md
Skoll/Ending Pandemics,foundation/philanthropy,SGTF/Ending Pandemics,SACIDS/Sokoine,undisclosed,undisclosed,,biosurveillance-detection,AfyaData,skoll.md
Skoll/Ending Pandemics,foundation/philanthropy,SGTF/Ending Pandemics,InSTEDD iLab SE Asia,undisclosed,undisclosed,,biosurveillance-detection,115 Hotline Cambodia,skoll.md
Skoll/Ending Pandemics,foundation/philanthropy,SGTF/Ending Pandemics,Epitrack/Brazilian MoH,undisclosed,undisclosed,,biosurveillance-detection,Mass-gathering surveillance,skoll.md
Skoll/Ending Pandemics,foundation/philanthropy,Ending Pandemics Academy,University of Arizona,$5M gift (from Carlyle One Health Group),obligated,2025,biosurveillance-detection,Ending Pandemics Academy,skoll.md
HHMI,foundation/philanthropy,Emerging Pathogens Initiative,13 project teams (~70 scientists across 29 institutions),$100M,obligated,2023,basic-research,Basic research head start on future epidemics,other-funders.md
Bloomberg,foundation/philanthropy,Data for Health,40+ countries (Vital Strategies/CDC Foundation/JHU/PAHO),$100M,obligated,2015,biosurveillance-detection,CRVS / public-health data,other-funders.md
Trinity Challenge,foundation/philanthropy,Challenge 1,PODD (Participatory One Health Disease Detection),£1.3m grand prize,obligated,2021,biosurveillance-detection,Livestock-disease reporting app,other-funders.md
Trinity Challenge,foundation/philanthropy,Challenge 1,Sentinel Forecasting System (Kate Jones UCL),£1m,obligated,2021,biosurveillance-detection,Forecasting (2nd prize),other-funders.md
Trinity Challenge,foundation/philanthropy,Challenge 1,BloodCounts! (Cambridge),£1m,obligated,2021,diagnostics,Blood diagnostics (2nd prize),other-funders.md
Trinity Challenge,foundation/philanthropy,Challenge 1,"MedShr, Khushi Health, Living Goods, VaccineLedger, UMass Lowell",~£480k each,obligated,2021,biosurveillance-detection,Third prizes,other-funders.md
Trinity Challenge,foundation/philanthropy,Challenge 2,Farm2Vet (Vietnam),£1m grand prize,obligated,2024,AMR,AMR farmers/health workers,other-funders.md
Trinity Challenge,foundation/philanthropy,Challenge 2,AMRSense / OASIS (India),£600k each,obligated,2024,AMR,AMR (joint 2nd),other-funders.md
Trinity Challenge,foundation/philanthropy,Challenge 2,AMRoots (South Africa),£500k,obligated,2024,AMR,AMR (3rd),other-funders.md
Trinity Challenge,foundation/philanthropy,Challenge 3,Com-WATCH (Nigeria) / PADs (multi-country),£500k each,obligated,2025,AMR,Community access to effective antibiotics,other-funders.md
Schmidt,foundation/philanthropy,Broad Schmidt Center,Eric and Wendy Schmidt Center at Broad Institute,$150M (matched by $150M),obligated,2021,basic-research,Biology and machine learning,other-funders.md
Schmidt,foundation/philanthropy,AI2050,AI2050 Fellows,"$125M, five-year",obligated,,basic-research,AI-for-science fellowships,other-funders.md
Flu Lab,foundation/philanthropy,Universal flu vaccine partnership,Yoshihiro Kawaoka (Tokyo/Wisconsin),up to $2M each over 2 yrs (6 grants),ceiling,2019,vaccines,Universal flu vaccine,other-funders.md
Flu Lab,foundation/philanthropy,Investment,Vivaldi Biosciences,undisclosed,undisclosed,,vaccines,DeltaFLU nasal-spray universal flu vaccine,other-funders.md
Resolve to Save Lives,foundation/philanthropy,Launch,Resolve to Save Lives (housed in Vital Strategies),~$225M five-year (Bloomberg + Gates + CZI),obligated,2017,biosurveillance-detection,Epidemic prevention + cardiovascular health,other-funders.md
Audacious Project,foundation/philanthropy,SENTINEL,SENTINEL (ACEGID Nigeria + Broad Institute),undisclosed,undisclosed,2020,diagnostics,Genomics/CRISPR-diagnostics pandemic preemption,other-funders.md
Patrick J. McGovern Foundation,foundation/philanthropy,Trinity Challenge AMR,Trinity Challenge on Antimicrobial Resistance,"$500,000",obligated,,AMR,Data gaps in fighting drug resistance,other-funders.md
ELMA Foundation,foundation/philanthropy,mRNA Technology Transfer Programme,Afrigen Biologics,undisclosed,undisclosed,2021,MCM-manufacturing,mRNA hub; Afrigen mRNA RVF vaccine discovery,other-funders.md
Open Philanthropy,foundation/philanthropy,Physical transmission suppression,Columbia U. (Brenner Center for Radiological Research),"$3,200,000",obligated,2021,PPE-air-UV,Far-UVC 222nm efficacy; 2024 occupied-room study,air-ppe-uv-glycols.md
Open Philanthropy,foundation/philanthropy,Physical transmission suppression,University of Pretoria,"$754,525 (2yr)",obligated,2022,PPE-air-UV,Far-UVC dose to stop indoor transmission (TB),air-ppe-uv-glycols.md
Open Philanthropy,foundation/philanthropy,Physical transmission suppression,Longview Philanthropy,"$60K (2022); ~$165K (2023)",obligated,2022-2023,PPE-air-UV,Far-UVC safety research agenda / events,air-ppe-uv-glycols.md
Open Philanthropy,foundation/philanthropy,Physical transmission suppression,Convergent Research,"$400,000",obligated,2022,PPE-air-UV,Far-UVC/biosurveillance/next-gen PPE,air-ppe-uv-glycols.md
Open Philanthropy,foundation/philanthropy,Next-gen PPE,Blueprint Biosecurity,~$1.85M org-level,obligated,,PPE-air-UV,PPE Blueprint,air-ppe-uv-glycols.md
Open Philanthropy,foundation/philanthropy,Next-gen PPE,ProEquip,amount not found,undisclosed,,PPE-air-UV,Stockpiling/distributing PPE for US essential workers,air-ppe-uv-glycols.md
Open Philanthropy,foundation/philanthropy,Next-gen PPE,University of Colorado (May Chu),$250K,obligated,2020,PPE-air-UV,COVID PPE decontamination,air-ppe-uv-glycols.md
Shostack Foundation,foundation/philanthropy,Far-UVC seed,Columbia (Brenner),undisclosed,undisclosed,2013-2020,PPE-air-UV,Seed + ongoing far-UVC support,air-ppe-uv-glycols.md
Ushio Inc.,foundation/philanthropy,Far-UVC sponsored research,Columbia (Brenner),sponsored research,undisclosed,2015-,PPE-air-UV,Exclusive patent licensee (Care222),air-ppe-uv-glycols.md
Balvi,foundation/philanthropy,Far-UVC (via Blueprint),Columbia,"$137,120 (2024); $40K (2025)",obligated,2024-2025,PPE-air-UV,Far-UVC eye-safety; efficacy replication,air-ppe-uv-glycols.md
Blueprint Biosecurity,foundation/philanthropy,Far-UVC re-grants,"Colorado State ($500K), Penn State, Shimane, Imperial, MIT",various ($500K Colorado State),obligated,2024-2025,PPE-air-UV,Far-UVC efficacy/safety,air-ppe-uv-glycols.md
Balvi,foundation/philanthropy,Clean/indoor air,University of Maryland (Donald Milton),"$9,400,000",obligated,2022,PPE-air-UV,Germicidal-UV air-disinfection research (RCT/certification),air-ppe-uv-glycols.md
Balvi,foundation/philanthropy,Clean/indoor air,UC San Diego (Prather/Amaro),"$15,000,000",obligated,2023,PPE-air-UV,Airborne Institute - open standards for sampling,air-ppe-uv-glycols.md
Balvi,foundation/philanthropy,Clean/indoor air,Arizona State University,"$300,000",obligated,2022,PPE-air-UV,Portable air cleaners + Corsi-Rosenthal boxes in K-12,air-ppe-uv-glycols.md
Balvi,foundation/philanthropy,Clean/indoor air,UConn (Marina Creed),"$300,000",obligated,2022,PPE-air-UV,Corsi-Rosenthal boxes for schools/shelters,air-ppe-uv-glycols.md
Balvi,foundation/philanthropy,Clean/indoor air,Air Support Project,"$650,000",obligated,2024,PPE-air-UV,Open-source box-fan/HEPA cube product,air-ppe-uv-glycols.md
Balvi,foundation/philanthropy,Clean/indoor air,Nukit / OSLUV / CU-Boulder,undisclosed,undisclosed,2023-2025,PPE-air-UV,Affordable open-source far-UVC 222nm; UVC air chemistry,air-ppe-uv-glycols.md
Balvi,foundation/philanthropy,Buterin direct/routed,Varro Holdings (via Kanro),$20M,obligated,2024,biosurveillance-detection,Pathogen biosensors incl. indoor air-quality monitors,air-ppe-uv-glycols.md
Founders Pledge,foundation/philanthropy,Next-gen PPE,JHU Center for Health Security,"$539,800",obligated,,PPE-air-UV,Next-Gen PPE in the SNS,air-ppe-uv-glycols.md
Founders Pledge,foundation/philanthropy,Next-gen PPE,Blueprint Biosecurity,"$84,000",obligated,,PPE-air-UV,Singapore PPE policy workshop,air-ppe-uv-glycols.md
Blueprint Biosecurity,foundation/philanthropy,GlycolISER,University of Iowa,"$1,500,000",obligated,2026,PPE-air-UV,Human safety of TEG vapor (asthma/sensitive populations),air-ppe-uv-glycols.md
Blueprint Biosecurity,foundation/philanthropy,GlycolISER,University of Nebraska Medical Center + NSRI,"$1,065,977",obligated,2026,PPE-air-UV,Glycol-vapor efficacy vs pathogen surrogates,air-ppe-uv-glycols.md
Blueprint Biosecurity,foundation/philanthropy,GlycolISER,Colorado State + CU Boulder + NCAR,"$793,872",obligated,2026,PPE-air-UV,Optimal delivery + inactivation efficacy,air-ppe-uv-glycols.md
Blueprint Biosecurity,foundation/philanthropy,GlycolISER,Ohio State University,"$399,999",obligated,2026,PPE-air-UV,Inactivation mechanisms (spectroscopy),air-ppe-uv-glycols.md
Blueprint Biosecurity,foundation/philanthropy,GlycolISER,Cleveland VA Medical Center + R&E Foundation,"$356,818",obligated,2026,PPE-air-UV,Real-world efficacy in hospitals/nursing homes,air-ppe-uv-glycols.md
Blueprint Biosecurity,foundation/philanthropy,GlycolISER,University of Bristol,"$130,608",obligated,2026,PPE-air-UV,PG/DPG mechanisms vs influenza/Group A Strep,air-ppe-uv-glycols.md
Blueprint Biosecurity,foundation/philanthropy,GlycolISER,University of Miami,"$108,690",obligated,2026,PPE-air-UV,Effect of glycol vapors on air-filter media,air-ppe-uv-glycols.md
BARDA/ASPR,foundation/philanthropy,DPA Title III (N95),3M,$126.0M + $76.0M,obligated,2020,PPE-air-UV,N95 manufacturing capacity,air-ppe-uv-glycols.md
BARDA/ASPR,foundation/philanthropy,DPA Title III (N95),O&M Halyard / Owens & Minor,$29.3M,obligated,2020,PPE-air-UV,N95 manufacturing capacity,air-ppe-uv-glycols.md
BARDA/ASPR,foundation/philanthropy,DPA Title III (N95),Honeywell,~$27.3M,obligated,2020,PPE-air-UV,N95 manufacturing capacity,air-ppe-uv-glycols.md
BARDA/ASPR,foundation/philanthropy,DPA Title III (N95),Moldex-Metric,$20.1M,obligated,2020,PPE-air-UV,N95 manufacturing capacity,air-ppe-uv-glycols.md
BARDA/ASPR,foundation/philanthropy,DPA Title III (filter media),Lydall,$13.5M,obligated,2020,PPE-air-UV,Filter media capacity,air-ppe-uv-glycols.md
BARDA/ASPR,foundation/philanthropy,DPA Title III (filter media),Hollingsworth & Vose,~$1.9M + $2.5M,obligated,2020,PPE-air-UV,Filter media capacity,air-ppe-uv-glycols.md
BARDA/ASPR,foundation/philanthropy,Reusable respirator R&D,Applied Research Associates,~$1.97M,obligated,2017,PPE-air-UV,ElastoMaskPro NIOSH-approved respirator,air-ppe-uv-glycols.md
DLA/HHS,foundation/philanthropy,Mask decontamination,Battelle,$415M ceiling (~$150M invoiced),ceiling,2020,PPE-air-UV,60 Critical Care Decontamination Systems,air-ppe-uv-glycols.md
ARPA-H,foundation/philanthropy,BREATHE,"Mayo Clinic, Poppy Health, SafeTraces, Virginia Tech (with WashU)",up to ~$39-40M each,ceiling,2025,PPE-air-UV,TA1 biosensor performers,air-ppe-uv-glycols.md
EPA,foundation/philanthropy,FIFRA §18 air sanitizer,Grignard Company,no public $,undisclosed,2021,PPE-air-UV,Grignard Pure TEG air treatment (anti-SARS-CoV-2),air-ppe-uv-glycols.md
NIH,foundation/philanthropy,Far-UVC (NIOSH),David Welch / Columbia,~$658K/yr,obligated,2022-2025,PPE-air-UV,Far-UVC 222nm (R01 OH012312),air-ppe-uv-glycols.md
NIH,foundation/philanthropy,STTR,Eden Park Illumination (Brenner co-PI),undisclosed,undisclosed,,PPE-air-UV,NIAID STTR AI125006 far-UVC,air-ppe-uv-glycols.md
NIH,foundation/philanthropy,Upper-room UVGI (NIOSH),Edward Nardell / Brigham,~$3.46M cumulative,obligated,2006-2015,PPE-air-UV,Upper-room UVGI for TB (R01 OH009050),air-ppe-uv-glycols.md
Rockefeller Foundation,foundation/philanthropy,Outdoor/climate air,Clean Air Task Force,$250K,obligated,,other,Outdoor/climate air,air-ppe-uv-glycols.md
